"FID","sample.id","sex","Age","Gender","self_reported_ethnicity","inferred_population","Weight","aldehyde_oxydase","Trig","BMI","ATP1B4_1","ATP1B4_2","BRCA1","CFH","CYP2D6_1","CYP2D6_2","CYP2E1_1","CYP2E1_2","CYP2E1_3","CYP3A5_1","CYP3A5_2","CYP4F12_1","CYP4F12_2","FADS3","GPR37","GSTT1_1","GSTT1_2","HLA-DRB1_1","HLA-DRB1_2","HLA-DRB1_3","IL17RB_1","IL17RB_2","IL17RB_3","IL1F9","IL3","KCNB1_1","KCNB1_2","LRRK2_1","LRRK2_2","LRRK2_3","RPS26_1","RPS26_2","RPS26_3","RPS26_4","RPS26_5","RPS26_6","RPS26_7","SLC12A2_1","SLC12A2_2","SLC12A2_3","SLC12A2_4","SLC2A1_1","SLC2A1_2","SLC2A8_1","SLC2A8_2","SLC44A3","SLC5A9","SOCS5_1","SOCS5_2","SORT1_1","SORT1_2","VKORC1_1","VKORC1_2"
1,"X1110043",1,28,"Male","W","Cauc",NA,200.2083207,21.262092,NA,-0.01919,0.0322,-0.2128,0.2506,-0.439,-0.481,-0.01454,-0.02943,-0.02667,-0.7125,-0.6008,-0.4181,-0.02431,0.1227,-0.1891,-1.152,-1.401,-0.5467,-0.2788,0.05161,-0.01951,-0.03594,0.01359,0.1095,0.0154,0.02577,0.2914,-0.1955,-0.249,-0.2199,0.289587,0.2724,0.2966,0.2983,0.277,0.2971,0.2616,0.07064,0.0128,0.1433,0.1602,0.08181,-0.01329,-0.1016,-0.08461,-0.1122,-0.3365,0.02392,0.0247,-0.2681,-0.3715,-0.1526,-0.1106
2,"X1110063",1,60,"Male",NA,"Cauc",99.5,406.70843,10.74401,31.22817755,0.01147,0.05667,-0.6545,0.1868,-0.3953,-0.2373,-0.5853,-0.3425,-0.5656,-0.2074,-0.2051,0.1266,0.05919,-0.006615,-0.3793,0.005631,0.04688,0.08959,0.03998,0.1413,-0.1389,-0.04347,0.04903,0.2194,0.1498,-0.005005,-0.0641,0.05843,-0.2329,0.06631,0.120323,0.0961,0.09799,0.08436,0.09933,0.09344,0.07343,0.6461,0.01483,0.6527,0.6596,0.154,0.000593,-0.2143,-0.05739,0.4078,0.06138,0.2034,0.04297,0.1164,-0.05109,-0.3811,-0.01979
3,"X1110066",1,2,"Male",NA,"Cauc",NA,941.2771538,16.928906,NA,0.01855,0.0396,0.566,0.3645,0.1782,0.3679,0.243,0.2428,0.2425,0.4857,0.45,0.2716,0.2496,0.0553,-0.5244,0.08391,0.1513,-0.3367,-0.6036,-0.3857,-0.0983,0.1485,0.004522,0.1731,0.1128,0.005742,-0.148,-0.004526,-0.2141,-0.003212,0.011745,-0.005085,0.008104,-0.00135,0.000569,-0.003373,-0.01986,-0.09749,0.01596,-0.1722,-0.1666,0.0246,0.03048,-0.05262,0.07479,0.2337,0.2293,0.1664,0.0511,-0.07846,-0.207,-0.08458,-0.01894
4,"X1110070",1,45,"Male","W","Cauc",100.6975061,79.56529186,17.995258,NA,0.1728,0.08644,-0.2357,0.3208,-0.1127,-0.003865,-0.356,-0.3929,-0.358,-0.3188,-0.1544,-0.2609,-0.03306,0.1019,0.1112,-1.217,-1.577,-0.1454,-0.3527,-0.3599,-0.2012,-0.1754,-0.03147,0.1665,0.1278,0.04565,-0.009005,-0.2234,-0.03682,-0.1731,0.325293,0.3307,0.2967,0.3208,0.3021,0.3112,0.2728,0.162,-0.02691,0.06412,0.07996,0.1172,0.0769,-0.1264,0.08662,0.05822,-0.2075,0.1532,0.01626,-0.2035,-0.373,-0.3001,-0.04304
5,"X1110071",1,21,"Male","W","Cauc",NA,105.7030064,15.579044,NA,0.08353,0.02338,-0.1027,0.1405,-0.285,-0.127,-0.05299,0.02746,-0.07149,-0.4406,-0.1551,-0.2336,0.155,0.1478,0.1983,0.3067,0.3535,-0.2944,-0.5731,-0.2879,-0.01472,-0.03148,0.0473,0.1084,-0.000853,0.05299,-0.009389,-0.2196,-0.08912,-0.2696,0.330512,0.3304,0.3226,0.3193,0.3121,0.317,0.2774,-0.2656,-0.007627,-0.2378,-0.2175,0.05338,0.05944,-0.06673,0.08376,-0.183,-0.04751,-0.0186,-0.06207,0.2104,0.4023,-0.1354,-0.1437
6,"X1110072",1,24,"Male","W","Cauc",NA,64.87659672,26.78933,NA,-0.003255,0.1431,-0.7404,-0.1929,-0.5134,-0.4808,-0.3489,-0.1802,-0.337,-0.247,-0.1678,0.2108,0.2489,0.02668,-0.7406,-0.03315,0.009115,-0.008648,-0.2434,-0.3187,-0.2075,-0.2909,-0.03832,0.1754,-0.04236,0.1136,-0.09447,-0.2774,-0.1624,-0.2721,0.258732,0.26,0.2448,0.2467,0.229,0.2639,0.2284,-0.05719,0.06076,-0.2319,-0.219,0.2268,-0.02044,-0.04292,-0.01653,-0.2317,-0.2365,0.04279,0.01979,-0.2747,-0.4531,-0.2229,0.1736
7,"X1110073",0,57,"Female",NA,"Cauc",NA,296.4064127,5.376252,NA,0.04555,-0.02641,0.2506,0.1422,-0.1731,-0.2809,-0.1123,-0.1254,-0.126,-0.4643,-0.2914,-0.2744,0.1177,0.05596,0.06386,-0.664,-0.6463,-0.1243,-0.4022,-0.2351,0.0707,-0.0797,-0.08624,0.09186,-0.07426,0.01188,-0.09024,-0.3449,-0.04542,-0.3364,0.185216,0.1834,0.1721,0.1815,0.1613,0.1829,0.1347,0.2296,0.03558,-0.02178,-0.000148,-0.04515,-0.0488,0.08436,0.1353,0.1496,-0.3242,0.09662,0.04026,-0.1902,-0.2415,-0.1836,-0.1488
8,"X1110075",1,21,"Male","W","Cauc",NA,358.1718934,11.800282,NA,0.1998,0.08789,-0.3415,-0.1054,-0.4807,-0.4234,-0.5069,-0.3919,-0.4791,0.01402,0.1613,-0.1357,0.01293,0.2506,-0.7819,-1.045,-1.111,-0.4864,-0.4565,-0.2618,-0.1412,-0.2227,0.07004,0.09154,-0.02389,0.1065,-0.3394,-0.4312,-0.2633,-0.1934,0.487624,0.4771,0.4623,0.4742,0.4603,0.4688,0.4456,-0.1451,-0.003744,-0.05222,-0.01882,0.06211,0.1177,-0.07684,0.05075,-0.2103,-0.1691,-0.02099,0.05088,0.2469,0.133,-0.3369,0.08985
9,"X1110076",1,31,"Male","W","Cauc",94.07505754,57.65004955,22.380714,NA,0.04819,0.02834,0.5793,0.04377,-0.022,-0.009259,0.09528,0.07885,0.07347,0.4664,0.6283,-0.06442,0.01764,-0.05726,-0.4239,0.3785,0.4253,-0.4363,-0.5356,-0.2421,0.06048,0.07005,-0.008602,0.1356,0.1308,0.01423,-0.143,0.1398,-0.1243,0.08376,0.075006,0.06341,0.06009,0.06287,0.05327,0.06282,0.0558,0.06867,-0.04004,0.08122,-0.04976,0.07597,0.1013,-0.1134,-0.09935,-0.1273,0.08638,0.02691,0.04261,0.3832,0.5399,0.1326,-0.03648
10,"X1110077",1,24,"Male","W","Cauc",NA,8.255903927,7.318418,NA,-0.04813,-0.01963,0.4375,0.2434,-0.04636,0.05351,-0.01983,-0.02842,-0.05469,-0.06303,0.002572,-0.02539,0.05293,0.002367,0.1732,0.296,0.3377,-0.175,-0.59,-0.3429,-0.1274,-0.04057,-0.01239,0.1422,0.3884,-0.01585,-0.02637,-0.198,-0.8521,NA,0.353494,0.3611,0.3635,0.3479,0.3294,0.359,0.3056,0.1077,-0.1428,-0.1313,-0.1043,0.2264,0.1327,-0.07029,0.09804,-0.3141,0.01919,0.2224,0.005837,0.2261,0.2975,-0.1322,-0.06845
11,"X1110081",1,28,"Male","W","Cauc",NA,176.4048994,12.99886,NA,0.03149,0.07018,0.2376,0.35,-0.01483,-0.0405,-0.186,-0.04261,-0.1816,-0.0247,0.07877,0.05878,0.08634,-0.04442,0.1091,0.3495,0.3758,-0.3043,-0.7057,-0.4072,0.2872,0.3876,-0.03131,0.07123,0.0806,0.01774,-0.1559,-0.05519,-0.05152,-0.04352,0.188399,0.1837,0.1697,0.1952,0.163,0.1746,0.1555,-0.1138,-0.02012,-0.1293,-0.1612,-0.08845,-0.03035,-0.0517,0.107,-0.1602,0.0807,0.05982,0.1053,-0.404,-0.5153,0.1597,0.0107
12,"X1110082",1,25,"Male","W","Cauc",NA,140.6467393,16.07457,NA,0.08916,0.04952,0.8738,0.4992,0.1087,0.0999,-0.04665,-0.02632,-0.04315,0.2377,0.2468,-0.05835,0.07532,-0.2879,-0.04153,0.4378,0.4737,-0.1583,-0.4572,-0.3561,0.09909,-0.0653,-0.03721,0.188,0.04128,0.02626,-0.0135,0.02719,0.06388,-0.09251,0.114709,0.1078,0.1177,0.1218,0.1092,0.1062,0.09712,-0.1601,0.02476,-0.2348,-0.2233,-0.08844,-0.01009,0.02017,0.1329,-0.01143,0.03501,0.1773,0.08547,-0.2718,-0.5667,-0.01197,-0.05626
13,"X1110083",1,25,"Male",NA,"Cauc",NA,150.9177824,9.408494,NA,-0.07225,0.1008,-0.1854,0.1495,-0.1535,-0.1492,-0.02543,-0.07444,-0.02562,0.179,0.3413,-0.1364,0.1167,-0.008983,-0.04568,-1.265,-1.276,-0.2185,-0.4831,-0.2705,0.2884,0.2943,-0.06953,0.1261,0.06217,0.05814,0.09645,-0.1879,0.09815,-0.01224,0.099728,0.09846,0.09326,0.09999,0.0734,0.08773,0.07745,-0.002248,-0.05647,-0.08108,-0.09351,0.09984,-0.01299,-0.06443,0.09169,-0.04642,0.05594,0.1305,0.02859,0.2329,0.06269,-0.186,0.0388
14,"X1110085",0,16,"Female","W","Cauc",NA,73.47373736,9.034318,NA,0.06183,-0.04654,0.2782,-0.199,-0.3681,-0.2605,-0.3568,-0.3329,-0.3516,-0.1126,0.07584,-0.2547,-0.1381,0.06842,-0.02184,-0.01573,0.03491,-0.07178,-0.3119,-0.3299,0.1271,0.1938,-0.06002,0.5116,0.2114,-0.02936,0.1901,0.06307,-0.1115,-0.4656,0.271863,0.2625,0.2563,0.2569,0.2458,0.2646,0.2138,0.3143,0.0946,0.006034,0.02777,0.1679,0.06742,-0.05985,0.1003,-0.09964,0.1552,-0.09792,-0.05413,-0.3403,-0.2813,-0.1408,-0.0608
15,"X1110086",1,49,"Male","W","Cauc",NA,236.9389747,10.379306,NA,0.02159,0.04143,0.7592,0.2408,-0.3355,-0.242,-0.0931,0.05577,-0.08962,0.2361,0.4329,0.2205,0.268,-0.01041,-0.2714,0.1596,0.1958,-0.09423,-0.6261,-0.3223,0.1968,0.1797,-0.04199,0.08791,-0.2421,0.032,-0.2753,-0.0225,-0.4876,-0.7617,0.317652,0.3047,0.3017,0.3236,0.289,0.2992,0.2751,-0.2096,-0.07776,-0.223,-0.2307,0.1032,-0.04028,0.02728,0.09478,-0.1595,0.1275,0.06109,0.03754,0.6809,0.6867,-0.02218,0.003902
16,"X1110087",1,13,"Male","W","Cauc",NA,27.81844333,15.57375,NA,0.2461,0.279,0.06245,-0.02235,-0.1987,-0.1799,-0.01373,-0.01423,-0.0129,-0.3812,-0.5258,0.6161,0.07766,0.1133,-0.2668,-0.04541,-0.002485,-0.263,-0.3011,0.01899,0.07874,0.2488,-0.08699,0.4316,0.2748,0.3335,-0.4076,-0.01031,-1.209,-0.4353,0.198234,0.1859,0.1717,0.173,0.1748,0.1749,0.1506,0.06277,0.5697,0.03293,0.01713,0.3043,-0.1327,0.2809,0.144,-0.118,-0.3337,0.1102,0.03136,0.1428,0.04556,0.3334,-0.0351
17,"X1110088",1,24,"Male",NA,"Cauc",NA,361.7686815,13.891712,NA,0.1549,0.07023,0.6086,0.1977,-0.1142,-0.008682,-0.05558,-0.0158,-0.06739,-0.2122,0.004873,0.131,0.1588,-0.2105,-0.506,0.06343,0.08599,-0.0601,-0.4001,-0.4703,0.07212,0.1151,-0.02376,0.209,-0.3676,0.07704,0.1901,-0.09901,-0.308,-0.03691,0.100022,0.08771,0.09148,0.0998,0.08555,0.08595,0.06982,-0.0425,-0.1099,-0.06921,-0.07808,0.07309,0.05273,-0.0868,0.05326,-0.9146,0.1117,0.2833,0.1019,-0.3136,-1.011,-0.1454,-0.02023
18,"X1110090",0,53,"Female",NA,"Cauc",NA,193.7195988,17.719774,NA,0.08599,0.01395,0.2841,-0.02225,0.01548,0.007313,-0.1766,-0.161,-0.1741,0.07965,0.07378,-0.197,-0.1739,-0.1899,-0.7613,0.3504,0.3944,-0.2251,-0.5777,-0.2891,0.06544,0.1531,0.02145,-0.01858,-0.1975,-0.05529,-0.4285,-0.1638,0.1725,0.2198,0.060362,0.05455,0.05038,0.06589,0.04577,0.04184,0.02159,0.1634,-0.04186,-0.07101,-0.08537,-0.1119,-0.0428,0.2876,0.3612,0.08074,-0.007159,0.1344,0.04538,-0.3074,-1.937,-0.06256,-0.0588
19,"X1110094",1,46.4,"Male",NA,"Cauc",NA,240.6066947,17.51125,NA,0.006219,0.04281,-0.284,0.2557,-0.2178,-0.1649,-0.1036,-0.1122,-0.1061,0.103,0.1977,-0.02346,-0.07985,-0.0805,0.1958,0.3109,0.3739,0.04479,-0.2446,0.0407,-0.1367,-0.1616,0.03447,0.1557,0.03935,0.01931,0.1851,-0.05322,0.02209,-0.02417,-0.025714,-0.02464,-0.0233,-0.04384,-0.02855,-0.01784,-0.05343,0.01347,-0.01425,-0.05165,-0.07058,-0.1147,-0.009198,-0.02293,0.09697,0.2881,0.1324,0.04384,0.02618,-0.2807,-0.4292,0.1066,0.02748
20,"X1110095",1,49.7,"Male",NA,"Cauc",NA,381.9173358,18.194002,NA,0.01179,0.169,0.5607,-0.1237,-0.1108,0.1832,-0.218,-0.1713,-0.2025,0.07442,0.2545,0.0749,0.068,0.09626,-0.558,-0.07768,-0.05485,-0.1604,-0.2727,-0.3294,0.182,-0.01302,0.04312,0.421,0.01935,0.1279,-0.1284,-0.7234,-0.04735,-0.4683,0.234539,0.2407,0.2001,0.2054,0.2173,0.2357,0.2008,-0.1853,0.03163,-0.1812,-0.1694,0.1353,-0.008787,-0.007177,0.05377,-0.05958,0.1246,-0.02373,0.03923,0.5236,0.4895,-0.2852,0.1614
21,"X1110096",0,70,"Female","W","Cauc",66.67807839,523.433002,16.140092,24.46182916,0.01091,0.04316,0.3152,-0.09345,-0.206,-0.3625,-0.1452,-0.008528,-0.1404,-0.3583,-0.3239,-0.1497,0.1167,0.03975,0.2192,0.2365,0.2701,0.01635,0.04993,-0.0641,0.03785,0.1188,0.008568,0.1283,0.02998,0.01941,-0.1798,-0.138,-0.04358,-0.1028,-0.019301,-0.03546,-0.02464,-0.03685,-0.004877,-0.02324,-0.04239,0.04179,-0.02447,0.05301,0.03069,-0.01626,0.07761,0.001328,0.06347,-0.2171,0.04369,-0.09808,0.0108,-0.1683,-0.2234,0.03282,-0.0129
22,"X1110097",1,47,"Male","W","Cauc",80,496.3939862,18.713684,26.04500063,-0.07558,0.07174,0.0849,0.2139,0.000408,0.1393,0.01066,0.01679,0.001032,-0.5716,-0.4184,0.03289,0.07769,0.08203,0.01243,0.0712,0.08966,-0.1468,-0.5191,-0.343,0.1122,0.189,-0.06171,0.1932,0.09298,0.04163,0.1666,0.02263,0.08135,-0.04531,0.160594,0.1673,0.1705,0.1524,0.1543,0.1558,0.139,-0.05565,0.01792,-0.1829,-0.2079,0.1031,0.09209,0.115,0.2531,-0.006705,0.2796,-0.006692,0.03058,-0.3779,-0.1433,-0.05612,0.009892
23,"X1110099",0,37,"Female","W","Cauc",57.60623099,215.1424989,30.366244,20.49812594,0.1962,0.0905,0.08531,0.3071,0.1079,0.1669,0.2762,0.3415,0.259,-0.265,-0.1961,-0.1961,-0.1201,-0.03465,-0.03942,0.01312,0.03635,-0.08783,-0.4258,-0.4126,0.1506,0.1944,-0.04445,0.07971,0.1111,0.0688,0.4197,-0.01872,-0.2023,-0.08956,-0.117982,-0.1061,-0.1136,-0.1271,-0.122,-0.1215,-0.1404,0.07139,0.003605,0.1057,0.04809,0.1073,0.07726,-0.06554,0.05206,0.007803,-0.2085,0.1887,0.03976,0.4935,0.5747,-0.01825,-0.02014
24,"X1110102",1,8,"Male","W","Cauc",57,190.1683362,9.446378,NA,0.05986,0.08149,0.5476,0.3701,-0.6096,-0.4166,-0.003179,0.02934,0.004061,-0.03601,0.1418,-0.1137,0.1772,0.05254,0.0677,0.2595,0.3072,-0.5115,-0.6753,-0.2979,0.04422,0.2902,-0.02299,0.2073,-0.0134,0.01965,-0.2449,-0.389,-0.2124,-2,0.322742,0.3222,0.3033,0.3137,0.294,0.3225,0.2599,-0.1054,-0.05151,0.006897,0.004749,-0.1686,0.08188,-0.1897,-0.2122,-0.05813,-0.2429,0.09184,-0.003072,-0.3061,-0.3347,-0.3451,-0.001127
25,"X1110103",0,26,"Female","W","Cauc",50.34875307,289.7463948,16.227334,NA,0.3065,-0.0098,0.3088,0.1304,0.1346,0.09616,NA,0.427,-0.1298,-0.1822,-0.05085,-0.1796,-0.03565,0.1041,-0.302,-1.489,-1.635,-0.2881,-0.3016,-0.001972,0.09433,0.09191,0.02779,-0.1304,-0.2196,-0.02328,0.1096,-2,-2,-2,-0.058129,0.009333,NA,-0.07367,0.162,NA,-0.03873,0.05726,-0.01893,0.09552,0.1156,0.2567,0.1204,0.12,0.06053,-0.2249,-0.08335,0.1714,0.1568,0.4037,0.6114,-0.004621,-0.1067
26,"X1110105",0,16,"Female","W","Cauc",56.56296854,257.5503322,11.05834,NA,-0.04258,0.1098,-0.2989,0.08928,-0.06516,0.1352,-0.08938,0.03853,-0.09121,-0.239,-0.01918,-0.0873,-0.01977,0.1747,-0.09461,-0.02915,0.01528,-0.1196,-0.2696,-0.03707,-0.1078,0.06905,-0.06201,0.1561,0.1277,0.02495,-0.1334,-0.2572,-0.1331,-0.1454,0.043222,0.04802,0.02597,0.04558,0.008394,0.03836,0.003112,0.09605,-0.09773,-0.03127,-0.01905,0.02362,0.03964,-0.03354,0.1187,0.07572,-0.2295,-0.1595,-0.03659,-0.5001,-0.1955,-0.05666,0.03239
27,"X1110106",1,54,"Male","W","Cauc",85,122.6654529,18.047538,NA,0.02559,0.0852,-0.2727,0.08562,-0.5069,-0.3939,0.01753,5.7e-05,0.008649,-0.6377,-0.445,0.03575,0.08989,0.2441,-0.05978,0.1463,0.1998,-0.01422,-0.4857,-0.3693,-0.3266,-0.1619,-0.1904,0.1867,0.1001,0.03185,-0.05504,-0.6877,-0.3378,-0.4747,0.022822,0.01465,0.01464,0.008241,-0.006728,0.01551,-0.02976,0.1897,-0.03334,0.1004,0.08267,0.03957,0.1169,-0.01688,0.1319,-0.4408,-0.3686,-0.03707,-0.03361,0.1727,0.2347,-0.1446,-0.03232
28,"X1110107",0,42,"Female","W","Cauc",48.08079122,134.4632508,7.822072,NA,-0.05279,0.1037,0.3065,0.2325,0.2375,0.4615,-0.03244,-0.009285,-0.03544,0.4977,0.7955,-0.04003,-0.02267,0.1009,-0.03323,-0.02698,0.01254,-0.08547,-0.3532,-0.2642,0.04997,0.2429,-0.05959,2,NA,0.08548,0.01319,0.001262,-0.3397,-0.7283,0.105017,0.09231,0.08592,0.101,0.07664,0.09195,0.0618,0.2387,-0.165,0.2329,0.2222,0.1171,0.08548,-0.02495,0.1013,-0.00864,0.1966,0.08964,0.04746,-0.3443,-0.5413,-0.4233,-0.05015
29,"X1110109",1,24,"Male","W","Cauc",NA,42.92438937,7.837816,NA,0.1322,0.1335,-0.3651,0.2707,-0.3532,-0.168,-0.06293,0.1054,-0.07364,-0.7168,-0.4793,-0.08398,-0.02337,0.1894,-0.162,0.1567,0.2384,-0.1678,-0.4792,-0.3996,-0.1766,-0.1064,-0.1622,0.2594,-2,0.1266,0.2837,-0.7528,-0.3159,-2,0.275307,0.2766,0.2608,0.2647,0.2597,0.262,0.2271,-0.1524,-0.1531,-0.1174,-0.1209,0.1578,0.04237,-0.03774,0.07915,-0.02628,-0.206,0.1136,0.007449,-0.5907,-0.651,-0.514,0.03683
30,"X1110110",1,56,"Male","W","Cauc",NA,0,16.144602,NA,0.1616,0.1376,-0.2174,0.07778,-0.4781,-0.2206,-0.5662,-0.5307,-0.5317,-0.5133,-0.3516,-0.325,-0.1171,0.4147,-0.2588,-0.2897,-0.2639,-0.1824,-0.3308,-0.2976,-0.3879,-0.06591,0.04327,0.5822,-0.309,0.07629,0.251,-1.459,-0.5902,-0.4923,0.189941,0.1994,0.1912,0.1998,0.1668,0.1786,0.1712,0.2079,0.06677,0.3415,0.2886,0.03672,-0.01966,-0.1242,-0.06938,0.1149,-0.1363,0.1404,0.006764,0.07596,0.03946,-0.2808,0.0165
31,"X1110111",1,35,"Male","W","Cauc",105.2334298,NA,NA,NA,-0.1017,0.05125,-0.2951,0.06365,-0.2555,-0.2213,-0.1057,0.06514,-0.1118,-0.9912,-0.8145,-0.2891,0.02459,0.2388,-0.01826,-0.02592,0.02453,0.2764,0.08384,-0.2702,-0.1883,-0.1933,-0.1094,0.3764,0.09249,0.06088,-0.2641,-0.1889,-0.0719,-0.2446,0.25227,0.2524,0.2451,0.2481,0.2452,0.2452,0.212,0.06583,-0.04006,-0.2867,-0.2777,-0.04861,-0.02291,-0.07402,0.0588,-0.1169,-0.1111,-0.00062,-0.01085,0.158,0.1368,-0.2439,-0.1179
32,"X1110112",1,16,"Male","W","Cauc",65.77089365,254.0949112,17.230598,19.66533354,0.06726,0.09011,-0.3853,0.01739,-0.4818,-0.3435,-0.2989,-0.3182,-0.2939,-0.9965,-0.8471,-0.3057,0.004153,0.1353,-0.1094,-0.267,-0.221,-0.4038,-0.4587,-0.191,0.09963,0.06644,0.07512,0.2429,0.008135,0.1153,0.4246,-0.4076,-0.1793,-0.2771,-0.043604,-0.04558,-0.06166,-0.06107,-0.068,-0.0574,-0.08027,0.2227,-0.01623,0.1136,0.1121,0.2561,0.06285,-0.2176,-0.2655,-0.176,-0.3392,0.08785,0.01426,-0.1876,-0.08596,-0.4602,-0.01659
33,"X1110113",0,40.1,"Female",NA,"Cauc",58.9670081,NA,NA,NA,0.1995,0.2097,-1.046,-0.004603,-0.4599,-0.2876,-0.2166,-0.2188,-0.219,-0.5464,-0.6357,0.09317,0.128,0.2246,-0.5827,0.1562,0.197,-0.09038,-0.442,-0.362,-0.1938,-0.02822,0.06879,0.427,0.05485,0.06719,-0.2232,-0.3387,-0.04839,-0.4334,0.345624,0.3487,0.3306,0.3612,0.3322,0.3434,0.3094,0.4345,0.01682,0.2091,0.2067,-0.015,-0.08548,-0.002784,0.07932,-0.3042,-0.3883,0.0907,0.05593,-0.5249,-0.6349,-0.3009,0.1056
34,"X1110114",0,10,"Female","W","Cauc",50,0,18.706394,NA,0.07532,0.07625,-0.6334,-0.05906,-0.3911,-0.3282,-0.3583,-0.3533,-0.3475,-0.7226,-0.6059,-0.231,0.1432,0.0809,-0.4547,0.114,0.1667,-0.01396,-0.2064,-0.2747,-0.3885,-0.3108,0.03474,0.3706,-0.09173,0.06749,-0.000152,-0.3286,-0.1269,-0.2818,0.417358,0.4202,0.3922,0.4092,0.3778,0.3946,0.3628,-0.05889,0.001374,-0.2111,-0.201,-0.07422,-0.05974,-0.1111,-0.01822,0.1184,-0.2047,0.04574,-0.04661,-0.02651,0.09563,-0.2689,-0.03187
35,"X1110117",1,20,"Male","W","Cauc",NA,49.54835252,15.498694,NA,0.03201,0.04501,-0.1329,-0.000938,-0.4929,-0.4558,-0.4212,-0.2958,-0.4161,-0.8461,-0.6571,0.004331,0.02096,0.197,-0.4968,-1.532,-1.642,0.1772,-0.1126,-0.1678,0.421,0.5337,-0.008248,0.7514,-2,0.03142,0.09577,-0.4774,-2,-2,0.238785,0.2409,0.2201,0.2388,0.1994,0.2212,0.1678,0.2014,0.01537,0.06087,0.07381,0.2364,-0.06858,-0.178,-0.06993,0.269,-0.2447,0.1056,0.08081,-0.3863,-0.3786,-0.2637,-0.04905
36,"X1110119",1,29,"Male","W","Cauc",58.9670081,35.82652294,18.971174,NA,-0.02151,0.07184,0.07504,0.2941,-0.1246,-0.03914,-0.02177,-0.0441,-0.05001,-0.934,-0.76,-0.1525,-0.1325,0.01149,0.1791,-0.09981,-0.06463,0.2034,0.1675,-0.2923,0.2205,0.3344,0.1128,0.2078,0.04098,0.08072,0.2824,-0.313,0.1526,-0.03023,0.03735,0.02541,0.04029,0.02303,0.03244,0.04056,0.019,0.05343,-0.1018,0.1271,0.1442,-0.1188,0.018,-0.1476,-0.02102,-0.1269,-0.3488,0.09946,0.03674,-0.2542,-0.1798,-0.5329,-0.03978
37,"X1110121",1,23,"Male","W","Cauc",86.1825503,604.5952599,9.8136,NA,0.117,0.01646,0.4153,0.3323,-0.1383,-0.1568,0.1967,0.2612,0.1895,0.3776,0.5987,0.1154,0.1749,-0.08005,0.3135,0.1967,0.2866,-0.2822,-0.4747,-0.1684,-0.106,-0.0567,-0.1048,0.2001,-0.04338,-0.04156,-0.1653,0.07332,-0.02597,0.1395,-0.061596,-0.07131,-0.0595,-0.06058,-0.07545,-0.0523,-0.08582,0.2139,-0.1133,0.08029,0.08538,0.05015,0.08262,-0.1877,0.07146,-0.02457,0.1274,0.1055,0.04069,-0.4256,-0.5247,-0.1752,-0.0201
38,"X1110122",1,36,"Male","W","Cauc",79.15186857,78.58478684,17.174548,NA,0.06341,0.07773,-0.2161,0.01837,-0.2679,-0.2876,-0.04382,0.03772,-0.08546,-0.1814,-0.04918,-0.1177,0.03213,-0.08819,0.2655,-1.087,-1.281,-0.2783,-0.5114,-0.1753,-0.1402,-0.1409,-0.1065,0.08201,0.09886,0.07585,-0.04187,-0.2323,-0.09803,-0.1861,0.066233,0.03892,0.05846,0.08002,0.0609,0.07105,0.02091,0.1626,0.1558,0.04701,-0.001547,0.1304,-0.0639,-0.05199,-0.05991,-0.08718,-0.2567,0.1012,0.03238,-0.27,-0.2243,0.1487,-0.03562
39,"X1110123",1,45,"Male","W","Cauc",86.63614267,41.05080271,14.695204,NA,-0.04891,-0.0179,-0.6958,-0.06731,-0.2734,-0.2502,-0.4531,-0.4288,-0.4602,-0.9961,-0.9538,-0.1443,0.1804,-0.02283,0.05411,0.104,0.151,-0.3405,-0.6544,-0.3771,0.03122,-0.1502,-0.03245,-0.06538,0.1564,0.0209,0.3752,-0.03971,-0.06019,-0.01926,0.308815,0.2896,0.3052,0.3123,0.2866,0.3062,0.2746,0.416,0.04547,0.1863,0.1809,0.1008,-0.1961,-0.07434,0.00457,0.000893,-0.4179,0.279,0.1583,-0.4337,-0.6538,-0.1092,-0.2095
40,"X1110125",0,27,"Female","W","Cauc",52.88887034,60.59118133,5.61575,NA,0.02123,0.102,-0.09203,0.1306,-0.3615,-0.3141,-0.1527,-0.1397,-0.143,-0.2767,-0.193,-0.01729,0.1156,0.1082,-0.09997,0.2408,0.272,0.3364,0.1885,-0.247,-0.002221,0.1172,-0.02901,0.2104,0.2111,0.08504,-0.4455,-0.1882,-0.1687,-0.3498,0.188024,0.1809,0.1785,0.1822,0.1674,0.1752,0.1531,0.0751,0.03473,-0.002793,0.008525,0.1991,-0.01968,-0.0962,-0.1157,-0.2751,-0.1969,0.02602,0.05414,-0.4337,-0.491,-0.2454,-0.02736
41,"X1110126",1,30,"Male","W","Cauc",NA,228.9119306,18.292262,NA,-0.003507,0.07455,-0.01207,-0.04622,-0.554,-0.4907,-0.1556,-0.003016,-0.1169,-0.2321,-0.1811,0.1174,0.005487,0.03973,-0.2732,-1.182,-1.418,-0.3447,-0.1294,0.09654,-0.09971,-0.1438,-0.1275,0.0604,-0.02085,0.03192,-0.1176,0.02826,0.08855,0.1404,0.306967,0.299,0.2733,0.3295,0.227,0.2654,0.2829,-0.02387,-0.08259,-0.03475,-0.0232,0.3273,-0.00168,-0.1475,-0.06803,-0.1853,-0.08505,-0.01183,0.04452,0.03676,0.01326,-0.2898,0.01003
42,"X1110128",0,49,"Female","W","Cauc",NA,490.9928246,23.222438,NA,0.0728,0.1085,0.4014,0.1529,-0.1199,0.02983,-0.3705,-0.2302,-0.3679,0.2463,0.2412,-0.0229,0.1251,0.1207,-0.998,-1.325,-1.353,-0.1686,-0.5802,-0.395,0.02074,0.1311,-0.1023,0.1325,0.01908,0.06981,0.04378,0.001703,0.06588,-0.1624,0.22867,0.2096,0.2234,0.2207,0.2306,0.2418,0.1832,-0.04925,-0.03739,-0.1782,-0.1624,-0.02287,-0.03187,0.1216,0.3141,0.1064,-0.09206,-0.01552,0.0811,-0.4977,-0.8569,-0.4338,0.02363
43,"X1110129",1,31,"Male","W","Cauc",70.76040972,71.8053363,26.715188,NA,0.08144,0.1238,-0.5409,0.1818,-0.5159,-0.4313,-0.3425,-0.3374,-0.3297,-0.4123,-0.2184,-0.461,-0.1027,0.2266,-0.3862,-1.346,-1.426,0.03616,-0.4331,-0.2578,-0.1733,-0.09992,-0.04653,0.1451,0.1255,0.1668,0.5079,-0.2296,-0.2831,-0.2277,0.055981,0.04133,0.04155,0.05606,0.03203,0.04411,0.004547,0.3087,0.006882,0.03547,0.01754,0.1259,0.05411,-0.03862,-0.1408,-0.03927,-0.3916,0.05622,0.002272,-0.3983,-0.3253,-0.4802,0.02794
44,"X1110130",1,5,"Male","W","Cauc",17.7,320.3350929,7.00375,NA,0.2152,0.06422,-0.4322,0.2028,NA,-0.1297,0.01018,0.08669,0.003945,-0.3176,-0.1669,-0.4505,-0.04122,-0.07377,2,-0.05696,-0.01098,-0.5509,NA,-0.6194,0.3204,0.2411,-1.894,0.2095,-0.05812,0.000669,-0.08804,-0.2811,0.06572,2,-0.031972,-0.03647,-0.02179,-0.03168,-0.3403,-0.01583,-0.07585,0.1384,-0.09277,0.002633,-0.03143,0.07237,-0.1302,-0.1866,-0.1339,NA,-0.02075,0.1886,0.1498,0.4339,0.1456,-0.1534,0.03357
45,"X1110131",0,51,"Female","W","Cauc",78.47148001,100.3511034,20.480342,NA,0.1465,0.225,0.9314,0.3431,-0.1165,0.1134,0.02059,0.1754,0.02145,0.08369,0.2957,0.3073,0.232,0.1474,-0.2365,0.09362,0.1537,-0.4238,-0.5955,-0.3033,0.005681,0.1175,-0.01999,0.454,-0.04863,0.1205,-0.5376,-0.6005,-0.121,-0.3145,0.086112,0.08602,0.08064,0.08136,0.06545,0.07378,0.07124,-0.1415,0.01268,-0.379,-0.3881,-0.03331,0.1158,-0.01102,0.05857,0.1105,-0.1894,-0.2172,-0.04519,0.3691,0.3971,0.1307,0.1524
46,"X1110215",0,55,"Female","W","Cauc",NA,596.7863292,15.287334,NA,-0.001694,0.1008,-0.4018,0.1356,-0.0096,0.1856,0.1946,0.2951,0.1723,0.06032,0.07187,-0.1118,-0.2008,0.04556,-0.6525,-1.202,-1.289,0.06675,0.05401,0.1937,-0.1215,-0.08675,0.02728,0.2173,-0.02421,0.02297,-0.2979,-0.08212,-0.1958,-0.02692,0.085657,0.08832,0.07553,0.0779,0.06694,0.08691,0.05952,-0.09604,0.01641,-0.2565,-0.2351,-0.1019,-0.09601,0.03788,0.04826,0.09069,0.04399,-0.1352,0.03786,-0.288,-0.6001,0.1492,0.09509
47,"X1110275",0,57,"Female",NA,"Cauc",NA,33.04891605,15.998772,NA,0.2131,0.03225,0.1402,0.4701,-0.0981,-0.1474,-0.06604,-0.08671,-0.08312,-0.1176,-0.01555,-0.2102,-0.02652,0.008795,-0.16,-1.387,-1.504,0.3062,0.1938,-0.2965,-0.1827,-0.08176,-0.01148,0.1742,0.003922,-0.0239,0.3218,0.01574,-0.09628,-0.06328,0.007007,0.01085,-0.003239,0.01822,-0.01423,0.007735,-0.0333,0.07256,-0.03052,0.107,0.1359,0.09278,0.1403,-0.08185,0.05297,-0.2364,-0.01159,0.01656,-0.01674,0.4387,0.3171,-0.3069,-0.05351
48,"X1110319",0,65,"Female","W","Cauc",NA,402.3286464,6.539612,NA,0.000108,0.04141,-0.3657,0.2578,-0.2139,-0.3121,0.287,0.3727,0.2817,0.07941,0.1633,-0.2256,-0.1777,-0.08383,-0.246,0.1746,0.2804,-0.01061,-0.03252,0.117,0.04835,0.08322,-0.05379,-0.03013,-0.1628,-0.03839,-0.07439,0.5203,0.1804,0.4874,0.018939,-0.003319,-0.005196,0.01177,0.01022,0.03025,-0.02514,0.1188,-0.05249,0.1169,0.1123,-0.06,0.0116,-0.1358,0.03397,0.1244,0.04005,-0.03588,0.05395,0.08167,0.0621,0.0258,-0.007145
49,"X1110320",1,36,"Male","W","Cauc",113.3980925,161.7049969,18.539204,33.90574747,0.1071,-0.03593,-0.6739,0.1871,-0.3837,-0.3969,-0.3803,-0.2711,-0.398,-0.8003,-0.721,-0.2497,-0.01863,0.03364,-0.1854,-0.1509,-0.09951,0.8085,0.6871,0.1027,-0.1735,-0.1894,-0.007936,0.09473,-0.02905,-0.02537,-0.1121,-0.1594,0.05369,-0.07717,0.128565,0.1097,0.111,0.1046,0.1142,0.1303,0.07733,0.4102,-0.1621,0.4134,0.4449,-0.07183,-0.07882,-0.1874,-0.07468,-0.01768,-0.357,0.1826,0.05262,-0.1678,-0.2239,-0.2754,-0.1077
50,"X1110321",0,30,"Female","W","Cauc",67.13167076,429.8233065,10.070496,22.50309208,0.02935,-0.07584,-0.7282,-0.6447,-0.4037,-0.5814,-0.5112,-0.5492,-0.5148,-0.9831,-1.103,-0.281,-0.1036,0.03004,-0.2689,-0.4946,-0.4447,-0.1999,-0.07792,-0.2484,0.1932,-0.01034,-0.02387,0.1282,-0.03893,-0.08541,-0.1213,-0.4001,-0.1352,-0.2393,0.132289,0.1223,0.1122,0.09891,0.1136,0.1279,0.06908,0.2225,-0.1239,0.1195,0.1614,0.393,0.07535,0.1776,0.2903,-0.5172,-0.4473,-0.005212,0.03454,-0.1556,0.1472,-0.3294,-0.1242
51,"X1110322",1,42,"Male",NA,"Cauc",NA,505.0273542,20.785724,NA,0.08588,0.01581,-0.964,0.222,-0.1975,-0.1874,-0.06137,-0.07761,-0.06836,-0.3802,-0.636,-0.0269,0.1036,-0.1009,-0.5626,-0.1452,-0.1012,-0.05231,-0.3457,-0.2461,0.01021,0.1268,0.09511,0.04264,0.1228,0.05586,0.1395,-0.2656,-0.0879,-0.2829,0.152662,0.1434,0.1348,0.1117,0.1287,0.1621,0.09731,0.2638,-0.0262,0.1514,0.1602,0.2062,0.011,-0.1076,-0.1317,-0.05862,-0.2664,0.06724,0.03229,-0.1076,-0.1123,-0.04321,-0.02988
52,"X1110338",1,38,"Male","W","Cauc",NA,376.9665071,22.391842,NA,-0.1278,-0.05764,-0.03072,0.09355,0.003985,-0.04295,-0.3242,-0.1795,-0.3413,0.07979,0.04282,-0.1268,-0.0682,-0.02038,0.07119,-1.188,-1.41,0.2502,-0.01859,-0.03579,0.09345,0.1106,-0.0695,-0.0311,-0.0359,-0.04702,-0.3034,0.1281,0.2437,0.3036,0.116184,0.1048,0.1141,0.1235,0.1233,0.1246,0.09404,-0.01057,-0.1091,-0.008101,0.01112,-0.006873,-0.02961,-0.003604,0.1516,0.2439,-0.1419,0.04244,0.1104,-0.3972,-0.3172,-0.2058,-0.09744
53,"X1110340",1,18,"Male","W","Cauc",NA,230.5634562,22.037424,NA,0.1475,-0.03903,-0.7788,-0.2997,-0.5425,-0.4511,-0.24,-0.1524,-0.2621,-0.6738,-0.9202,-0.3138,-0.1145,-0.1319,-0.5522,-0.3246,-0.2924,0.001732,-0.2164,-0.1956,-0.07668,-0.1689,0.0536,0.04663,-0.09587,0.003996,0.322,-2,NA,-0.2199,0.269194,0.2599,0.2567,0.275,0.2757,0.2784,0.2339,0.09438,-0.05643,0.08146,0.1015,0.06545,0.05384,0.1376,0.1335,-0.2507,-0.2517,0.1033,0.03824,-0.4282,-0.7294,-0.2268,-0.06743
54,"X1110503",1,29,"Male","W","Cauc",NA,574.5914617,14.40606,NA,0.06846,0.02671,-0.1201,-0.05277,-0.2328,-0.288,0.1006,0.2213,0.0584,-0.467,-0.5169,-0.01716,0.06016,-0.1419,0.02563,-1.145,-1.163,0.06658,0.09716,-0.1367,0.1862,0.1567,0.01451,-0.02046,-0.04409,0.000808,0.2881,-0.2784,-0.00783,-0.05411,0.056987,0.04446,0.06472,0.04568,0.0627,0.0577,0.03368,-0.1558,-0.08027,-0.1232,-0.1186,0.04231,0.07867,-0.06872,0.04314,-0.1784,-0.294,-0.07173,0.03449,-0.3236,-0.4683,0.1469,0.000912
55,"X2220001",0,59,"Female","W","Cauc",NA,121.124222,20.324406,NA,-0.0211,0.05767,0.4187,0.2754,0.1265,0.09893,0.1797,0.1454,0.1638,-0.3285,-0.1939,-0.1185,0.05425,0.1037,0.2773,0.3034,0.3193,-0.719,-0.2561,0.0394,-0.1535,-0.1337,0.1061,-0.07616,0.09632,0.009331,0.1085,-0.01984,-0.1002,-0.05363,0.059478,0.04314,0.04027,0.05413,0.04598,0.04456,0.02034,0.003299,-0.03907,-0.1107,-0.09811,0.1194,0.003344,-0.01848,0.1111,0.2324,0.2297,-0.1029,0.03516,-0.1031,-0.2106,0.01303,-0.02139
56,"X2220004",1,60,"Male","W","Cauc",105.6870222,622.4698667,8.130034,34.407732,0.1139,0.06789,0.4291,0.2957,-0.2095,-0.07057,0.1259,0.194,0.09981,-0.2916,-0.1684,0.03802,0.1688,-0.002702,0.3607,0.0694,0.09443,-0.08544,0.008493,-0.09598,0.1592,0.1672,0.06061,0.0218,-0.1027,0.105,0.3722,-0.2496,-0.1841,-0.2259,0.105438,0.09389,0.1045,0.09888,0.09974,0.1159,0.0718,-0.1388,-0.04733,-0.1168,-0.09205,0.1123,0.09111,0.1312,0.1577,-0.09012,-0.2223,-0.1108,7e-05,-0.2147,-0.2562,0.1483,0.02273
57,"X2220012",1,24,"Male",NA,"Cauc",NA,443.8365194,6.1417,NA,0.1185,0.04594,-0.08121,0.553,0.1214,0.1922,0.1992,0.1872,0.2008,-0.3453,-0.2966,0.002865,0.1414,-0.06318,0.1927,-0.0394,-0.01454,-0.4013,-0.2538,-0.04612,0.1275,0.03988,0.03406,-0.06149,-0.009203,0.06612,0.4877,-0.1036,-0.0137,0.04661,0.021338,0.02797,0.01506,-0.00694,0.008908,0.007752,-0.02515,-0.01084,-0.09206,-0.2732,-0.2626,0.1097,0.02562,-0.07837,-0.05492,-0.0289,0.03233,-0.05739,0.06571,-0.1482,-0.1985,0.1232,-0.0132
58,"X2220015",0,35,"Female","W","Cauc",64.86370891,469.1460109,4.891736,26.15477364,-0.07399,-0.0163,0.04491,0.02889,-0.1511,-0.1897,-0.3566,-0.4182,-0.3687,-0.3194,-0.1973,-0.5869,-0.2442,0.2108,0.03859,-0.07889,-0.05996,-0.03381,-0.2195,-0.1886,-0.02017,0.0127,-0.03534,-0.1252,0.01331,0.006115,0.3152,-0.1027,-0.08033,0.04439,-0.042548,-0.06074,-0.0295,-0.06959,-0.03113,-0.04093,-0.08149,-0.06836,-0.1562,-0.203,-0.1922,0.03824,-0.02331,-0.01644,0.02164,0.1434,-0.2319,0.06096,0.05994,0.1964,0.2863,-0.2655,-0.1139
59,"X2220017",1,53,"Male","W","Cauc",53.07030729,377.6310814,2.931568,16.3180204,0.08724,0.08761,0.007121,0.3221,0.01491,-0.1096,-0.05952,0.1317,-0.08058,0.02626,0.04431,0.3961,0.3134,0.05232,-0.1461,0.5061,0.5583,-0.7345,-0.2358,-0.2271,0.2328,0.314,0.05137,0.08126,-0.06532,0.04476,-0.2358,-0.04058,-0.1734,-0.001598,0.070853,0.05508,0.05379,0.05734,0.07175,0.07759,0.0381,-0.3663,-0.06933,-0.2112,-0.2007,-0.07364,-0.006001,-0.0189,0.1139,-0.2035,0.3207,-0.1624,0.01444,-0.2624,-0.4746,-0.09608,0.1327
60,"X2220018",1,22,"Male","H","Cauc",59.87419284,0,0.94153,21.96572414,-0.2402,0.04511,-0.2588,0.4693,-0.1412,-0.1944,0.0467,0.1573,0.02118,-0.1426,0.01319,0.0112,0.04488,0.04376,0.05877,0.2689,0.305,0.6334,0.5015,0.01069,-0.1211,-0.06496,-0.04542,0.1955,-0.04888,0.02758,0.1752,-0.2451,-0.005986,-0.003999,-0.082439,-0.07575,-0.08712,-0.08224,-0.07667,-0.05663,-0.08267,0.04538,-0.05438,-0.000311,0.02774,-0.0453,-0.0315,-0.04381,0.05708,0.1976,0.05624,-0.05092,-0.03454,-0.17,-0.2416,-0.05624,0.06795
61,"X2220019",1,31,"Male","W","Cauc",128.3666407,411.6649242,4.955686,38.38130614,-0.01015,0.1984,0.3901,0.0967,-0.005125,0.1703,0.0791,0.1067,0.07211,-0.143,0.04315,0.3983,0.2506,0.1271,-0.1835,0.2568,0.2944,0.008243,0.06123,-0.1277,0.005639,-0.1015,0.0208,0.1312,-0.08087,0.1399,-0.2598,-0.2803,0.0127,-0.01657,0.216505,0.2186,0.194,0.2039,0.2179,0.207,0.1973,-0.3237,-0.04652,-0.2315,-0.256,-0.06828,0.05996,-0.02177,0.04025,-0.01787,0.1107,-0.1777,0.01753,-0.2345,-0.2509,-0.2302,0.3002
62,"X2220021",1,20,"Male","W","Cauc",80.73944186,112.0330276,6.015996,23.48402799,0.177,0.02261,-0.5096,0.4588,-0.1513,-0.1449,0.1901,0.1427,0.1708,-0.9507,-0.8942,-0.1264,0.003794,0.02178,0.02133,-0.2865,-0.2671,-0.2888,-0.08257,0.06485,-0.03362,-0.1209,0.01851,-0.08394,0.04948,-0.007102,0.1282,-0.2756,-0.02168,-0.1529,0.071452,0.07439,0.04225,0.05897,0.05656,0.08809,0.03202,0.07687,0.006495,0.1553,0.1979,0.236,0.06907,-0.1343,-0.07643,-0.03117,-0.3154,0.01485,0.02507,0.1068,0.1823,0.01134,-0.004439
63,"X2220025",1,28,"Male","W","Cauc",81.6466266,354.9413678,7.76948,26.58108052,0.5923,0.01337,-0.006185,0.2684,-0.1919,-0.3064,0.02499,-0.01765,-0.002741,-0.475,-0.2607,-0.4089,0.1079,-0.02329,0.06656,-0.2731,-0.2212,-0.1234,-0.22,-0.1042,-0.3525,-0.5874,0.02481,0.02201,-0.01267,0.09445,0.7045,-0.2977,0.1118,-0.00186,0.244713,0.229,0.2112,0.2102,0.213,0.2361,0.1673,0.1131,-0.09409,0.0526,0.04055,0.0283,0.1239,0.1507,0.1308,-0.1539,-0.0956,0.04549,0.008116,-0.1286,-0.2121,0.1304,-0.04524
64,"X2220029",0,62,"Female","H","Cauc",81.6466266,683.4342684,10.789644,30.89661239,-0.01449,0.016,0.1495,0.1547,0.0417,0.0212,-0.2038,-0.07969,-0.2155,0.3751,0.5666,-0.1796,-0.003041,-0.03254,0.284,-1.152,-1.36,-0.102,-0.3151,-0.04141,-0.05655,-0.1858,-0.0371,0.02082,0.1104,0.01525,-0.1315,0.04608,0.1049,0.01567,0.016656,-0.006426,-0.004865,-0.00163,0.01823,0.009411,-0.03025,0.1829,0.007639,-0.01028,-0.004574,0.04531,-0.02704,-0.03303,0.1179,0.3902,0.1166,0.06484,-0.01977,-0.1437,-0.1821,0.1906,-0.1235
65,"X2220040",0,34,"Female","W","Cauc",78.92507238,720.1167544,28.060828,32.87667478,0.09752,-0.03484,0.2166,0.2288,-0.03799,0.05121,0.005425,-0.004394,-0.03813,-0.3049,-0.3672,-0.123,0.02507,-0.1721,0.325,-0.06041,0.003005,-0.303,-0.6341,-0.2467,0.08313,0.02642,0.03568,-0.02555,0.001661,-0.02511,-0.4546,0.03418,-0.03021,0.04187,0.064895,0.06147,0.05607,0.05411,0.0797,0.08359,0.03649,0.0191,-0.04325,0.0139,0.05394,0.07111,-0.03861,0.2106,0.1923,-0.2507,-0.1266,0.1078,0.07809,-0.3724,-0.3024,0.2826,-0.1354
66,"X2220041",1,17,"Male","W","Cauc",58.05982336,619.8720391,17.176024,20.65952851,0.02099,-0.02106,0.0798,0.31,-0.08332,-0.1866,0.01855,-0.02499,-0.007871,-0.3449,-0.3259,-0.3588,-0.000619,-0.1192,0.1291,-0.04583,-0.006516,-0.02122,-0.3401,-0.1559,-0.1625,-0.1564,-0.03357,-0.04198,0.111,0.01791,0.2683,0.009608,-0.1111,-0.1363,-0.023377,-0.03772,-0.03497,-0.02831,-0.02418,0.009651,-0.04513,0.3763,-0.07698,0.221,0.2316,0.205,0.05752,-0.1147,0.05792,0.1791,-0.06196,0.09097,0.02852,0.1372,0.2366,-0.0415,-0.08401
67,"X2220043",0,48,"Female","W","Cauc",91.62565874,669.0908086,25.78745,39.4500153,0.0786,0.111,-0.1995,0.4193,-0.03388,-0.08774,-0.2091,-0.2089,-0.2004,-0.0738,0.09454,-0.02093,0.05465,0.04728,-0.1755,-0.1533,-0.1073,-0.2246,0.09737,0.009212,-0.0786,-0.2071,-0.05518,0.0445,-0.01003,0.05677,0.2737,-0.1477,0.02058,-0.06573,0.067258,0.06124,0.05239,0.07241,0.04139,0.07514,0.02082,-0.08942,-0.09106,0.05145,0.07192,0.09531,0.1491,-0.03133,0.09391,0.1162,-0.1709,-0.04553,0.01408,0.3368,0.3209,-0.3581,0.05311
68,"X2220046",1,12,"Male","H","Cauc",63.95652417,257.6041358,21.27622,24.20234637,0.02263,0.01232,-0.5302,0.2613,-0.375,-0.5361,-0.2716,-0.02543,-0.2389,-0.3692,-0.2134,-0.4717,0.1272,-0.1025,0.2669,0.08499,0.1271,0.1502,0.2772,0.1981,-0.09748,-0.053,-0.05327,0.04733,0.2002,-0.01077,-0.4324,-0.09056,-0.1939,-0.08381,-0.088125,-0.07946,-0.1144,-0.07235,-0.1492,-0.1348,-0.0948,0.2268,0.02496,0.138,0.1482,0.1721,0.02585,-0.1092,-0.05071,-0.1358,-0.3173,0.1589,0.02527,-0.2064,-0.1746,-0.2412,-0.1532
69,"X2220048",0,70,"Female","W","Cauc",81.6466266,0,29.040206,30.89661239,-0.08926,0.03713,-0.2631,0.1576,0.1142,0.07686,-0.2661,-0.2646,-0.2529,-0.09575,-0.1081,-0.1312,0.01036,0.05402,-0.05232,0.1452,0.1994,-0.1041,-0.1828,-0.1316,-0.1471,-0.04748,0.02149,0.01177,0.1231,0.1271,0.3389,-0.1776,-0.1588,-0.2027,0.159471,0.1601,0.1213,0.1733,0.1109,0.1189,0.1304,-0.1462,0.04744,-0.2963,-0.3122,0.01244,0.08733,0.0927,0.1845,-0.2098,-0.2769,0.0152,-0.01781,-0.008594,0.1478,0.1502,-0.09402
70,"X2220049",1,64,"Male",NA,"Cauc",NA,298.8733011,23.5013,NA,0.1644,0.1242,-0.8197,0.1893,-0.0514,-0.08193,-0.03186,0.1652,-0.0307,-0.5351,-0.4278,-0.2154,-0.005834,-0.001993,0.2196,0.09579,0.1467,-0.4394,-0.2307,-0.1217,-0.02008,-0.04296,0.04701,-0.08844,-0.06452,0.1105,0.4645,-0.7706,-0.7221,-0.4975,0.273873,0.3237,0.3025,0.3133,0.2267,0.2835,0.3019,0.008925,0.003164,0.01101,0.005144,-0.02442,0.05778,-0.02037,-0.01728,-0.22,-0.3267,-0.03291,-0.007062,-0.5098,-0.5642,-0.02568,0.04076
71,"X2220051",0,50,"Female","W","Cauc",114.7588696,130.7874475,28.836126,39.62499524,-0.0657,0.01045,-0.2508,0.09222,-0.1625,-0.2102,-0.3152,-0.09403,-0.3035,-0.361,-0.1548,-0.4266,-0.0235,0.05085,-0.02343,0.1544,0.2254,-0.7889,-0.2211,0.05511,-0.1454,-0.2203,0.007645,-0.01948,0.01504,-0.008753,0.07539,-0.1291,-0.09614,-0.1788,0.098163,0.09457,0.1019,0.09767,0.09403,0.09475,0.05879,-0.006064,-0.0655,0.0468,0.02577,0.0419,-0.05193,0.06545,0.08885,0.2859,-0.1227,-0.003756,0.04011,0.02164,0.2612,-0.1588,-0.1269
72,"X2220052",0,38,"Female","W","Cauc",69.85322498,307.5966468,22.6461,25.62667817,0.2934,0.1168,-0.4338,0.1856,-0.2614,-0.2808,-0.1746,-0.02511,-0.1391,-0.4356,-0.3395,-0.4947,-0.02889,-0.000155,0.02492,-0.2428,-0.2072,0.1337,-0.139,-0.1844,-0.01787,-0.04636,0.000656,0.08339,0.1008,0.09117,0.4371,-0.6309,-0.1603,-0.533,0.205454,0.1999,0.1832,0.1805,0.1639,0.1802,0.1742,0.1716,-0.01968,0.02873,0.06459,0.0989,0.02053,-0.04222,-0.000109,-0.117,-0.4331,0.03126,0.07209,-0.06158,0.1027,0.08785,0.03934
73,"X2220053",0,41,"Female","W","Cauc",124.7379018,98.41419518,31.447542,41.81317785,-2,0.2614,-0.5611,-0.2932,-0.2981,-0.2516,-0.7028,-0.6926,-0.6206,-0.8184,-0.6479,-0.5314,-0.2226,0.1427,-0.4932,-0.2223,-0.1926,-0.06095,0.2817,-0.02234,-0.5679,-0.587,-0.03378,0.4102,NA,0.1884,0.2097,-1.783,-2,-2,0.237141,0.2307,0.1983,0.2545,0.1468,0.1899,0.1687,-0.2619,-0.0545,0.0522,0.03867,0.1346,-0.01469,-0.06351,0.04493,-0.0413,-0.7919,-0.05311,0.003752,-0.06312,-0.05014,-0.2272,0.1777
74,"X2220057",0,50,"Female","W","Cauc",74.84274105,96.4788871,27.74986,27.45715518,0.056,0.01884,-0.299,-0.04252,-0.07999,-0.115,-0.2078,-0.2648,-0.1779,-0.8797,-0.7803,-0.01748,0.01444,0.1882,-0.3636,0.1825,0.2447,-0.492,-0.2049,0.02774,-0.08464,-0.01284,-0.05033,0.0347,0.05389,0.01116,-0.4449,-0.1315,-0.1323,-0.07379,0.063823,0.06021,0.03582,0.07618,0.01019,0.02951,0.0471,0.1329,0.02839,5.6e-05,0.01094,0.08351,-0.01706,0.1355,0.2501,0.05335,-0.1883,0.05397,0.004677,-0.3359,-0.1428,-0.2275,-0.1152
75,"X2220058",1,78,"Male","W","Cauc",83.91458845,223.8631353,21.614546,27.31944386,0.1081,0.01178,0.06957,0.05789,0.04772,-0.07057,-0.3886,-0.311,-0.3819,-0.5844,-0.6164,-0.4564,-0.05908,-0.1296,0.1464,-0.1107,-0.03743,-0.3026,-0.3913,-0.1949,0.1879,0.04784,0.005443,0.07847,0.05177,0.04301,0.06712,-0.1623,-0.06588,-0.06373,0.150608,0.1568,0.1422,0.1632,0.1009,0.1426,0.1111,0.003668,7.8e-05,-0.05867,-0.05072,0.03604,0.002702,0.004203,0.1972,-0.09722,-0.06925,0.1078,0.02686,0.2819,0.4824,0.3222,-0.1128
76,"X2220061",1,67,"Male","W","Cauc",80.73944186,207.2369312,34.77267,24.82570624,-0.03607,-0.07328,0.1559,-0.04514,-0.08818,-0.09949,-0.273,-0.1984,-0.2511,-0.6571,-0.5732,-0.1619,-0.05151,-0.001607,0.1357,-0.1846,-0.1256,-0.4526,-0.2919,-0.1332,0.1472,-0.0208,-0.01308,0.0017,0.02935,-0.05242,-0.4043,-0.1885,-0.08584,-0.03957,0.054374,0.05387,0.03628,0.0412,-0.008687,0.01451,0.03253,0.3268,0.09868,0.2267,0.2255,0.1084,0.06336,0.1493,0.2835,0.1427,-0.1302,0.09882,-0.01704,-0.0477,0.1436,0.06268,-0.167
77,"X2220062",0,54,"Female","W","Cauc",70.76040972,349.1774298,31.693438,30.46634845,0.08469,0.0223,0.06093,0.2033,-0.03639,-0.09206,-0.05397,-0.08645,-0.02298,-0.373,-0.354,-0.09348,-0.02829,-0.0794,-0.367,0.3043,0.4096,-0.2147,-0.3357,-0.1913,-0.03553,0.009596,0.03223,-0.1083,-0.04548,-0.03917,-0.4602,-0.02492,-0.04744,-0.03679,-0.060249,-0.07462,-0.08809,-0.08417,-0.1028,-0.08627,-0.1109,-0.2614,-0.02085,-0.305,-0.3102,0.01804,0.1006,0.06184,0.3781,0.1099,0.0125,-0.04994,0.05203,0.06878,0.2384,0.2272,-0.06863
78,"X2220067",1,56,"Male","W","Cauc",79.37866475,138.3983333,20.449224,25.10962784,0.1442,0.04406,0.2119,0.5248,-0.3255,-0.467,0.02885,0.1373,0.03764,-0.3868,-0.2315,-0.1667,0.122,-0.06072,-0.1076,-0.08359,-0.01161,-0.5471,-0.04444,0.3536,0.1573,0.05453,0.09097,-0.03697,0.01547,-0.04551,-0.3645,-0.02329,-0.01039,0.07538,-0.200142,-0.2101,-0.2072,-0.2212,-0.2322,-0.2166,-0.2298,-0.1178,-0.04341,-0.07831,-0.0575,0.07302,0.08732,-0.1047,0.09919,-0.3004,-0.1002,0.03539,-0.006234,-0.3884,-0.3579,0.07515,-0.1072
79,"X2220068",1,55,"Male","W","Cauc",104.3262451,291.0569578,25.025626,31.19328768,-0.04682,0.01403,-0.02254,0.3561,-0.1064,-0.1554,-0.06003,-0.03376,-0.01707,-0.3282,-0.1658,0.3106,0.2463,0.0539,-0.1874,-0.1191,-0.06935,-0.2645,-0.1532,-0.08328,0.1202,0.08586,0.007517,-0.005213,0.01494,-0.003416,0.2165,0.2535,0.09176,0.3213,-0.195437,-0.1939,-0.2284,-0.2077,-0.2424,-0.2259,-0.2369,-0.08291,-0.1533,0.07896,0.08347,0.3095,0.1022,-0.06663,0.1473,0.02385,0.3278,-0.0488,-0.006663,0.655,0.6535,-0.1604,-0.1187
80,"X2220070",1,61,"Male","W","Cauc",84.82177319,359.5674041,30.574418,28.43296094,-0.03839,-0.01874,-0.3203,0.3397,-0.1988,-0.1759,0.07606,0.004122,0.05225,-0.8781,-0.7906,-0.3444,-0.1213,0.02566,0.2256,-0.09424,-0.04003,-0.07617,-0.1107,-0.01254,-0.1178,-0.3191,0.08195,-0.1165,0.2285,-0.0991,-0.2152,-0.08828,-0.08093,-0.07415,-0.055752,-0.05044,-0.05513,-0.05267,-0.1006,-0.07494,-0.0587,0.1223,-0.05623,0.2382,0.2643,0.04434,0.01771,0.1118,0.212,0.1271,-0.5776,0.009623,0.1074,0.1915,0.3647,0.121,-0.1298
81,"X2220071",0,57,"Female","W","Cauc",64.86370891,229.6456392,33.970064,27.01933617,0.05536,0.06368,0.3242,0.1073,0.1842,0.1522,-0.07896,-0.1564,-0.08077,-0.2087,-0.04733,-0.2864,-0.1045,-0.2752,-0.283,-0.09386,-0.02413,-0.3603,-0.1551,-0.3636,-0.3775,-0.3997,0.07828,0.06016,-0.06436,0.03182,-0.1742,-0.3056,-0.2099,-0.122,-0.117993,-0.1109,-0.09567,-0.09522,-0.1694,-0.1542,-0.1187,-0.2562,-0.1084,-0.1322,-0.115,-0.1378,0.05104,0.2797,0.4823,0.007911,-0.04349,-0.09781,0.02118,-0.4847,-0.211,0.1249,0.09336
82,"X2220072",0,73,"Female","W","Cauc",68.94604024,251.8011388,30.790506,25.29386417,0.1028,0.1476,-0.2615,0.2616,-0.2287,-0.0305,-0.1298,-0.1362,-0.07497,-0.2648,-0.09391,-0.09199,0.05753,-0.05273,-0.2517,-0.1303,-0.08616,-0.6001,-0.1993,0.1117,-0.2834,-0.2737,0.04341,-0.1038,-0.08409,0.07952,0.07873,-0.2574,-0.3664,-0.3812,0.212624,0.2077,0.1828,0.1991,0.1566,0.187,0.1608,-0.08646,0.06447,-0.04934,-0.05539,0.06851,0.06546,0.07611,0.169,0.2233,-0.1154,-0.1378,0.002256,-0.4287,-0.3105,-0.0744,0.1059
83,"X2220073",1,5,"Male","W","Cauc",19.95806428,299.3242488,22.949652,15.97885408,0.1331,-0.001919,-0.08919,-0.1104,-0.007719,-0.04435,-0.05006,0.07456,0.01712,0.002257,-0.08046,0.1786,0.09242,0.09428,-1.162,-0.05976,0.006699,0.09322,0.09679,0.1456,-0.1011,-0.08881,0.02715,-0.1555,0.01986,-0.007568,-0.1784,0.135,0.3543,0.1952,-0.224987,-0.2412,-0.2774,-0.2258,-0.2652,-0.3042,-0.2616,0.0817,-0.1997,0.03435,0.0271,0.2378,-0.1131,-0.02818,0.2027,-0.1136,0.2585,0.2008,-0.06403,-0.07274,0.1393,-0.2818,-0.04515
84,"X2220074",1,13,"Male","W","Cauc",79.83225712,270.6021297,35.197126,32.19049064,0.008236,0.01728,0.2833,0.1044,-0.1473,-0.0148,-0.1894,-0.2113,-0.1223,0.06215,0.1347,0.1519,0.1366,-0.02058,0.223,-0.1129,-0.08101,0.01703,-0.09401,-0.04073,-0.2388,-0.2589,0.07335,-0.04,-0.001725,-0.005241,0.2867,0.05253,-0.02248,0.09221,-0.033114,-0.03065,-0.04561,-0.04369,-0.09754,-0.07218,-0.06002,-0.1706,-0.1336,-0.1812,-0.159,-0.06592,0.09143,0.265,0.3134,0.2313,0.3782,-0.06626,0.02421,-0.3089,-0.1504,0.1188,-0.03309
85,"X2220075",0,49,"Female","H","Cauc",NA,339.2334207,27.950512,NA,-0.02046,0.013,0.2189,-0.06067,0.3258,0.2931,0.0397,-0.007403,0.007328,0.09588,0.0202,0.05382,0.05601,-0.04084,0.009208,0.2982,0.3727,-0.4758,-0.1812,0.02493,0.04856,0.003166,0.01161,-0.1012,-0.1172,-0.05767,-0.3025,0.04948,0.08667,0.172,-0.086009,-0.06628,-0.05959,-0.09462,-0.1022,-0.1008,-0.08105,-0.1227,-0.0647,0.02233,0.06489,-0.00552,0.0212,0.08849,0.299,-0.1484,0.246,-0.1105,0.02073,0.2847,0.5958,0.05789,-0.04829
86,"X2220077",0,74,"Female","W","Cauc",59.87419284,279.4134692,23.07313,22.65751575,-0.01669,-0.07315,-0.1289,0.254,-0.09486,-0.1512,-0.03505,-0.09077,-0.02187,0.02766,-0.4593,-0.259,-0.07717,-0.1343,0.2043,-0.1326,-0.08349,0.1964,-0.04461,0.05904,0.1308,0.1422,0.07326,-0.04383,0.1133,-0.1232,-0.131,0.03345,0.03182,-0.03959,-0.11344,-0.09708,-0.1123,-0.1186,-0.1571,-0.1482,-0.1216,0.1126,-0.03888,0.08876,0.1348,-0.1104,-0.05496,0.0503,0.2602,0.2625,0.08896,0.1125,0.02566,-0.2875,-0.42,-0.1121,-0.195
87,"X2220079",1,56,"Male","W","Cauc",111.583723,417.4902525,25.513572,34.30968391,0.1414,0.07003,0.3213,0.2566,-0.08491,0.005163,-0.1479,-0.05954,-0.1404,0.06637,0.2894,-0.3275,0.04391,-0.01181,-0.04535,0.0823,0.1146,0.05986,0.1142,-0.291,-0.1286,-0.1487,0.03267,-0.0914,-0.06441,0.136,0.6594,-0.06019,-0.1447,-0.1559,0.066994,0.08058,0.04279,0.06891,0.009207,0.04934,0.05555,-0.09133,-0.06239,-0.08408,-0.0765,0.02582,0.04232,0.1302,0.2169,-0.1206,0.1471,-0.01192,0.0404,-0.4017,-0.2283,0.06439,-0.04787
88,"X2220083",1,15,"Male","W","Cauc",73.02837157,249.4212224,6.674964,23.77529979,0.127,0.03152,0.2179,0.09365,-0.1693,-0.2587,-0.004373,0.07452,0.02368,-0.3483,-0.3596,-0.2992,0.06582,0.01828,0.2713,0.231,0.2623,-0.5805,-0.3264,-0.07436,-0.08127,-0.09452,0.04801,-0.1006,0.06327,2e-05,0.1562,-0.3242,0.01217,-0.2076,0.163337,0.1743,0.145,0.1586,0.1102,0.1234,0.1277,-0.07624,-0.01944,-0.1071,-0.09381,0.02146,0.05059,0.04826,0.06487,-0.1408,-0.06493,-0.11,0.06745,0.3204,0.3903,-0.02261,-0.03332
89,"X2220084",1,60,"Male","W","Cauc",77.1107029,147.2240047,5.057532,25.84814631,-0.04027,0.03959,-0.8091,0.2043,-0.3099,-0.3045,-0.6088,-0.4924,-0.5666,-0.8131,-0.7225,-0.3357,-0.1144,0.1601,0.05367,-0.05674,-0.0446,-0.04051,0.05305,0.2566,-0.05152,-0.1855,0.001658,0.03017,0.05189,0.0292,-0.8633,-0.2559,-0.1863,-0.4503,0.070546,0.08652,0.04804,0.07922,0.02359,0.03601,0.05992,0.09129,-0.03066,0.0877,0.1205,-0.002848,0.1036,-0.05306,-0.003889,0.3147,-0.1979,-0.1509,0.01238,-0.3975,-0.2914,-0.13,0.007461
90,"X2220086",1,47,"Male","W","Cauc",99.7903214,424.881046,25.59053,33.45054228,0.1421,0.1334,-0.2843,0.3145,0.1678,0.1761,0.3887,0.3624,0.3995,-0.06969,0.1798,0.2153,0.2781,0.03631,-0.1651,-1.266,-1.271,-0.08956,0.1668,-0.1565,0.02757,-0.01795,0.02905,0.06206,-0.007946,0.1,0.3312,-0.2275,-0.1068,-0.1581,-0.016063,-0.02941,-0.0206,-0.01956,-0.08227,-0.04228,-0.02584,-0.2016,-0.02279,-0.2037,-0.1762,0.09714,0.1239,-0.02093,0.1741,0.2644,0.05943,-0.2294,0.0111,0.4377,0.4079,0.0395,0.1051
91,"X2220087",0,43,"Female","W","Cauc",NA,89.55902332,23.095796,NA,0.08758,0.0335,-0.4741,0.2902,-0.1805,-0.2523,-0.1186,-0.2731,-0.1004,-0.424,-0.2565,-0.6439,-0.1971,0.03191,-0.01715,-0.2865,-0.2819,-0.3209,-0.1401,-0.3302,-0.3469,-0.4473,0.01464,0.3353,0.2489,0.02424,0.3409,-0.1057,0.1083,-0.4063,0.095049,0.1038,0.07902,0.1188,0.03526,0.06068,0.07737,0.1393,0.04484,0.0333,0.0675,0.5456,0.05452,-0.04213,-0.04989,-0.1583,-0.3711,0.1286,0.1015,0.4189,0.5023,-0.1036,-0.0442
92,"X2220088",1,60,"Male","W","Cauc",78.01788764,88.39528354,26.02728,26.15224215,0.1394,0.05793,-0.7763,-0.1847,-0.1479,-0.1242,0.02797,0.1761,0.05385,-1.143,-0.9903,-0.332,-0.1801,0.1028,-0.5137,-0.2674,-0.2298,-0.2335,0.0389,0.2462,-0.1645,-0.2321,0.0426,0.03777,NA,0.09164,0.5149,-2,-0.5479,-0.935,-0.189056,-0.1954,-0.2098,-0.199,-0.2296,-0.2117,-0.2011,-0.02963,0.06288,-0.03771,-0.02275,0.1916,0.1754,0.1977,0.3385,0.107,-0.2733,-0.1063,-0.0558,-0.349,-0.05872,-0.1752,0.03309
93,"X2220091",1,53,"Male","W","Cauc",80.73944186,159.7588204,24.067374,25.54007861,-0.03449,0.06446,-0.7303,-0.8593,-0.1053,-0.1591,-0.6029,-0.6361,-0.547,-0.3469,-0.3799,-0.1837,-0.1835,0.1639,-0.5448,0.1213,0.1696,-0.4596,-0.3147,0.01102,-0.1087,-0.1405,0.08397,-0.05069,-0.08813,0.2557,0.7105,-0.3519,-0.08734,-0.2086,0.121458,0.09941,0.06209,0.1189,0.05467,0.07309,0.06221,0.05468,0.011,0.03549,0.03143,0.004328,0.097,0.1144,0.2144,-0.381,-0.3171,-0.1614,-0.007992,-0.02541,0.2922,0.05483,-0.006165
94,"X2220092",1,30,"Male","W","Cauc",NA,275.2645399,31.901418,NA,-0.002967,0.06853,0.08318,0.03631,0.0831,0.1151,-0.09372,-0.08663,-0.05726,-0.171,-0.002537,-0.02862,0.05807,0.1664,0.03416,-1.134,-1.222,-0.346,-0.2904,-0.05797,-0.1007,-0.2756,-0.007318,0.2244,-0.06536,0.003645,0.02874,-0.09147,0.000225,-0.05944,0.175546,0.1732,0.1557,0.1871,0.103,0.1302,0.1593,-0.1724,-0.06497,-0.1036,-0.1142,0.0337,0.08665,0.188,0.1897,-0.1436,0.2905,-0.1249,0.004192,-0.1046,-0.01812,-0.1275,0.01941
95,"X2220093",1,52,"Male","W","Cauc",111.1301307,353.1617161,25.27347,33.22763253,-0.01133,-0.03857,0.1044,-0.1296,-0.1218,-0.1667,-0.02385,0.06188,-0.01577,-0.7868,-0.7221,-0.4504,0.02598,-0.00931,0.3265,0.008362,0.08528,-0.1675,-0.3162,-0.2061,-0.1931,-0.2844,0.06269,0.06592,0.06421,0.05571,0.3689,-0.1356,-0.05291,-0.2116,0.056943,0.04897,0.03083,0.02654,0.02286,0.04672,0.01177,-0.01756,-0.154,-0.04736,-0.01209,0.179,0.1045,0.04034,0.1895,-0.01487,-0.1703,0.04276,0.06946,-0.1776,-0.2758,0.04176,-0.1435
96,"X2220094",0,36,"Female","W","Cauc",71.66759446,787.512094,7.306312,26.29230617,-0.1403,0.08512,0.4145,-0.2534,-0.07757,-0.0605,-0.264,-0.3213,-0.2141,0.3978,0.6438,0.1313,0.02258,0.01721,0.02634,-0.07118,-0.03825,0.2922,0.2112,-0.1509,-0.2658,-0.1645,-0.06961,0.0263,0.01462,0.02366,-0.3667,-0.1249,0.1711,0.1494,0.165004,0.1746,0.1332,0.1773,0.1002,0.103,0.156,-0.2593,-0.03195,-0.3755,-0.3482,0.02181,0.005904,0.2512,0.4208,-0.3394,0.1531,-0.1117,-0.04487,-0.2741,-0.1161,-0.02165,0.09158
97,"X2220095",1,57,"Male","W","Cauc",114.7588696,1150,6.913304,33.37898361,-0.08984,-0.0153,-0.355,0.3365,-0.3681,-0.4496,-0.05162,0.06296,-0.04196,-0.7557,-0.6306,-0.03262,0.04188,-0.04147,0.09937,0.08907,0.1347,0.3171,-0.05238,-0.002585,-0.1747,-0.2002,0.106,0.1573,0.1471,-0.03736,-0.202,-0.2627,-0.05844,-0.2512,-0.008378,-0.006517,-0.03343,-0.002901,-0.08533,-0.05429,-0.02135,-0.03259,-0.1369,0.08553,0.1104,0.00817,0.1026,0.1913,0.2611,0.05373,-0.1983,0.04231,-6.7e-05,0.05419,0.1931,0.2392,-0.05877
98,"X2220097",0,69,"Female","W","Cauc",NA,0,25.604768,NA,-0.09061,-0.00237,-0.5568,0.08973,0.2297,0.3012,0.04782,0.1613,0.08646,-0.5071,-0.5295,-0.05404,-0.04421,-0.04562,0.01175,-0.01117,0.03988,0.03643,-0.1059,-0.07638,0.1603,0.05137,0.02954,-0.132,0.04993,0.05525,0.4138,-0.1886,-0.07586,0.182,-0.072879,-0.07422,-0.09034,-0.06049,-0.1144,-0.117,-0.07059,-0.1365,-0.08994,-0.06616,-0.05165,0.06499,0.096,0.07717,0.1507,0.05784,0.02968,0.02179,0.03893,0.1596,0.2019,-0.02596,0.04083
99,"X2220107",1,40,"Male","W","Cauc",108.8621688,40.65675017,27.31155,35.44144069,-0.04576,0.06,-0.5131,-0.1054,-0.2186,-0.2918,-0.08402,0.02209,-0.1101,-1.324,-1.354,-0.5383,0.03922,0.1142,0.07566,0.08502,0.141,-0.197,-0.1994,-0.09665,-0.205,-0.2944,0.1224,0.04989,0.1341,0.04133,0.2896,-0.5077,-0.07451,-0.3007,0.149998,0.1286,0.1457,0.1299,0.1428,0.1644,0.1016,-0.1869,-0.07212,-0.06595,-0.02604,0.01444,0.004372,0.01272,0.1117,-0.1335,-0.2786,-0.07217,0.0165,-0.01599,-0.03779,-0.05982,-0.02521
100,"X2220108",0,68,"Female","W","Cauc",83.91458845,0,21.091218,30.7852952,0.01662,0.1494,-0.07321,0.2087,-0.2952,-0.2127,-0.4272,-0.3946,-0.3676,0.258,0.4389,-0.2317,0.1081,0.09551,-0.2628,-0.9667,-1.116,-0.08536,-0.2707,-0.1439,-0.07217,-0.01986,0.08407,0.2612,0.01015,0.05607,-0.3223,-0.2759,-0.1765,-0.1828,0.282426,0.2562,0.247,0.297,0.2191,0.2433,0.2464,-0.3132,0.0038,-0.3017,-0.2745,-0.05859,-0.05244,0.09336,0.1564,-0.1095,-0.1191,-0.1136,0.06006,0.1484,0.01921,-0.4782,0.0984
101,"X2220109",1,37,"Male","W","Cauc",74.84274105,936.7638958,20.912538,22.37779333,0.04863,-0.01038,-0.3118,0.3508,-0.1482,-0.12,-0.08392,-0.09967,-0.09306,-0.1354,-0.3789,-0.06476,0.1378,-0.1254,-0.03076,-1.178,-1.382,0.02,-0.453,-0.1338,-0.2351,-0.2527,0.03199,-0.08289,0.1484,0.03896,0.629,-0.2606,-0.001925,-0.1006,0.046258,0.0302,0.03821,0.04031,0.01775,0.03498,0.01354,-0.04393,-0.09365,-0.01251,0.01533,0.1486,0.132,-0.102,0.1435,-0.1945,-0.4121,0.01807,0.03719,0.09636,0.1007,0.01692,-0.03815
102,"X2220112",1,63,"Male","W","Cauc",83.91458845,573.873926,21.158224,27.31944386,-0.05733,-0.02413,-0.03975,0.4536,0.2119,0.1021,0.3254,0.1878,0.3095,-0.3632,-0.762,0.1121,0.09565,-0.03014,0.2775,-0.01111,0.02963,0.3012,0.2998,0.07743,0.1397,0.115,0.1111,-0.1155,-0.01498,-0.06719,0.003384,0.1146,0.0784,0.2788,-0.060758,-0.08017,-0.05829,-0.07986,-0.08577,-0.05434,-0.0956,-0.03634,-0.1482,0.02316,0.04127,0.01467,0.1079,0.04613,0.1014,-0.1832,0.08626,0.0117,0.06946,-0.1969,-0.2761,0.1968,-0.03833
103,"X2220117",1,46,"Male","W","Cauc",NA,285.9771503,26.757672,NA,-0.1749,0.1915,-0.6156,-3.4e-05,-0.3242,-0.3405,-0.3499,-0.2006,-0.3056,-0.2055,0.03568,-0.09527,-0.04276,0.111,-0.1789,-0.1969,-0.1287,0.2001,0.3391,0.1495,-0.2071,-0.262,0.01124,0.05797,-0.01951,0.03288,-0.03873,-0.4889,-0.09587,-0.1692,0.185075,0.1987,0.1751,0.1859,0.1175,0.15,0.1525,-0.007897,-0.00368,-0.02873,-0.01761,-0.04025,0.02164,0.023,0.1991,0.03453,-0.09774,-0.1763,-0.01483,-0.08231,0.02706,-0.05984,0.1605
104,"X2220121",1,28,"Male","W","Cauc",71.66759446,NA,NA,23.33228179,0.1005,0.01101,0.1642,0.2814,-0.01062,-0.1165,0.03066,0.02806,0.03874,-0.7244,-0.6018,-0.2425,-0.02241,-0.03055,0.5935,-1.039,-1.194,-0.1887,-0.3403,-0.181,0.1295,-0.09627,0.01459,-0.09928,-0.002641,0.01449,0.3607,-0.3793,-0.04186,-0.167,-0.086457,-0.06825,-0.1113,-0.07144,-0.1331,-0.1146,-0.1095,-0.007434,-0.04874,-0.001784,0.008055,0.07031,0.04475,-0.02138,-0.08263,0.05457,-0.2445,0.1351,0.01571,0.2144,0.563,-0.2829,-0.07084
105,"X2220122",1,16,"Male","W","Cauc",60.78137758,NA,NA,23.00081144,0.06569,0.02708,-0.5476,-0.2996,-0.3915,-0.5873,-0.3441,-0.2162,-0.3202,-0.6385,-0.5119,-0.5386,0.05038,0.248,-0.2261,-0.4087,-0.373,-0.1615,-0.2879,-0.1147,-0.4131,-0.4087,0.008409,0.1078,-0.06721,-0.00558,0.01204,-0.4343,-0.05904,-0.2082,0.208632,0.2212,0.1887,0.1982,0.1837,0.2077,0.1902,-0.1069,-0.07822,-0.09259,-0.07067,0.2584,0.06329,-0.1145,-0.05883,-0.4391,-0.2725,0.009446,0.02592,-0.02982,-0.1133,-0.3619,0.06991
106,"X2220125",1,53,"Male","W","Cauc",90.718474,301.1994652,38.043172,26.38654831,0.3704,0.009582,-0.342,0.01026,-0.3034,-0.3561,-0.2135,-0.221,-0.2127,-0.2869,-0.04483,-0.4147,0.07621,0.05302,0.1241,-0.3591,-0.3145,-0.2229,-0.2526,-0.08682,-0.2755,-0.3849,0.1283,-0.05946,0.04007,0.04412,0.2505,-0.3077,0.02445,-0.2462,0.104166,0.1062,0.0847,0.1018,0.05963,0.09205,0.07789,-0.1056,-0.06033,-0.07479,-0.04791,0.06171,0.09368,0.02213,-0.02302,-0.4162,-0.3269,0.08811,0.08818,0.2317,0.4105,-0.2327,-0.03813
107,"X2220126",1,7,"Male","W","Cauc",19.95806428,183.1710713,19.401946,15.97885408,0.05805,0.149,-0.5516,0.04363,-0.08288,-0.05411,-0.4923,-0.4939,-0.4633,-0.129,0.0325,-0.1785,-0.1136,0.1746,-0.1021,0.1737,0.2146,-0.09777,-0.1548,-0.1618,-0.3537,-0.5122,0.03131,0.003203,0.1364,0.1068,0.266,-0.2625,-0.01931,0.1161,0.252117,0.26,0.2236,0.2325,0.2092,0.2573,0.2256,-0.4663,-0.1383,-0.3195,-0.3173,0.05406,0.01806,0.08153,0.1689,0.0285,-0.02138,-0.08538,0.002877,0.05966,0.02176,-0.1222,0.1845
108,"X2220129",0,23,"Female","W","Cauc",60.32778521,518.9837745,22.45516,22.13213115,-0.04319,0.03426,0.2329,0.02664,0.0866,0.09016,-0.2532,-0.1289,-0.2247,0.1352,0.1855,-0.004795,0.0339,0.1415,-0.08715,-0.02954,0.02647,-0.4403,-0.4431,-0.2606,0.1232,0.01591,0.03672,-0.02429,-0.09973,-0.01957,0.07479,0.1927,0.1535,0.2164,0.059639,0.05528,0.0431,0.06389,0.01789,0.03801,0.0568,-0.07853,-0.02427,-0.1214,-0.1354,0.1872,0.01344,0.01224,0.09846,-0.0451,0.1607,-0.06701,-0.044,0.2295,0.5703,-0.3208,0.01916
109,"X2220131",1,66,"Male","W","Cauc",NA,439.7276804,22.873098,NA,0.04585,0.08145,-0.2601,0.1564,-0.2174,-0.2423,-0.02908,0.0051,-0.008719,-0.5673,-0.4466,0.1014,0.156,0.07797,-0.002874,-0.07787,-0.02949,-0.1035,-0.1408,-0.1383,-0.2757,-0.3675,0.07689,0.01408,0.008576,0.1068,0.5066,-0.5061,-0.04587,-0.2242,0.012274,0.007105,0.00116,0.01155,-0.08237,-0.03849,0.001023,-0.2383,-0.09872,-0.1725,-0.1281,0.05444,-0.03227,0.01898,0.2737,-0.13,-0.1706,-0.2541,-0.000505,-0.3544,-0.3246,0.08572,0.1235
110,"X2220132",1,56,"Male","W","Cauc",78.92507238,221.5474747,22.558396,24.96614426,0.009332,0.1524,-0.7006,-0.04827,-0.4466,-0.3978,-0.3399,-0.1151,-0.2679,-1.002,-1.015,-0.2854,0.08673,0.3628,-0.4562,-0.07492,-0.0491,-0.3864,-0.4226,-0.2026,-0.1322,-0.3794,0.1061,0.1664,-0.09578,0.1299,0.0752,-0.5469,-0.06045,-0.2006,0.226251,0.2328,0.2104,0.2421,0.13,0.1716,0.2165,-0.3324,0.01482,-0.2447,-0.243,0.1985,0.009638,-0.2134,-0.1744,-0.3243,-0.2404,-0.1819,0.03797,-0.05716,0.004727,-0.4835,0.1572
111,"X2220134",1,46,"Male","W","Cauc",84.82177319,380.8772258,25.655468,26.08093858,0.009619,-0.007561,0.6903,0.2297,-0.04667,-0.02379,0.06575,0.1086,0.1136,-0.09219,-0.009678,-0.08375,0.02286,0.02229,0.0907,-0.15,-0.07349,-0.4047,-0.3914,-0.2295,0.1358,0.06151,0.04049,-0.06971,-0.04418,0.002124,0.0745,0.04362,0.04777,0.1182,0.040461,0.04924,0.01003,0.04347,-0.05572,-0.009691,0.02579,-0.1572,0.01896,-0.05613,-0.04024,-0.01035,0.02096,0.04647,0.06878,0.08087,-0.02052,0.004903,-0.006356,-0.2293,-0.3245,0.04952,0.02051
112,"X2220135",1,64,"Male","W","Cauc",47.17360648,196.2004882,2.304958,16.78586692,-0.02887,-0.0125,0.2685,0.1722,-0.1025,-0.1866,-0.8017,-0.8332,-0.7741,-0.04136,-0.1049,0.1533,0.155,0.1203,0.2416,-0.09951,-0.03647,-0.1289,-0.003899,-0.1662,0.2297,0.2353,0.005115,-0.01906,-0.05204,-0.04932,-0.01469,-0.1412,-0.008447,0.09729,-0.030342,-0.0186,-0.04687,-0.05117,-0.1132,-0.05524,-0.05031,-0.02723,-0.121,0.06134,0.07669,0.2053,0.0068,-0.06565,0.05718,-0.3151,-0.1888,-0.02068,0.05265,-0.2209,-0.2151,-0.1203,-0.0727
113,"X2220137",0,61,"Female","W","Cauc",104.7798375,892.3252893,4.15201,33.14470875,0.1352,0.1884,0.161,0.08667,-0.08992,0.19,-0.0266,0.009189,-0.03632,-0.4203,-0.2303,-0.006093,0.168,0.1081,-0.2387,0.06951,0.08236,-0.1042,-0.0647,-0.2071,-0.05648,0.02193,0.01702,0.1255,-0.1109,0.1624,-0.09434,-0.3754,-0.0671,-0.1652,0.394679,0.3965,0.3779,0.3815,0.3497,0.3806,0.3692,-0.3407,-0.07459,-0.4236,-0.3967,-0.04059,0.06555,0.06625,0.1527,-0.1254,-0.05619,-0.2209,0.05577,-0.06402,-0.4173,-0.339,0.2327
114,"X2220138",0,49,"Female","W","Cauc",99.7903214,187.1055734,3.350674,38.97085098,-0.03317,0.1221,-0.2477,0.01147,0.07821,0.4352,-0.3267,-0.06997,-0.3147,0.04366,0.2853,0.2483,0.1644,0.0711,-0.1872,-1.03,-1.15,0.05175,0.06599,0.0361,-0.1712,-0.2615,0.006694,0.04712,-0.04614,0.13,0.09191,-0.2249,-0.04561,0.07416,0.250878,0.259,0.2462,0.246,0.211,0.2485,0.2313,-0.1071,0.009937,0.06815,0.09552,-0.02924,0.03928,0.2487,0.2724,-0.002028,0.06727,-0.1137,-0.004733,0.199,0.2706,-0.2485,0.1393
115,"X2220139",0,62,"Female","W","Cauc",67.13167076,198.6095531,7.158444,26.21675429,0.02352,0.01209,0.131,-0.1983,-0.3168,-0.3052,-0.3636,-0.3892,-0.3198,-0.3493,-0.2996,-0.1872,-0.01219,0.3135,0.3703,0.06616,0.1248,-0.372,-0.1644,0.04033,-0.1111,-0.086,0.01881,0.1856,0.02414,-0.04542,-0.3536,-0.2376,-0.09905,-0.1713,0.048727,0.04431,0.03479,0.0644,-0.01696,0.003378,0.03526,-0.09406,0.05066,-0.05671,-0.009791,0.09387,0.009108,0.1804,0.2285,0.04908,-0.1439,-0.06069,-0.01432,-0.09152,-0.002645,-0.1819,-0.02507
116,"X2220140",0,7,"Female","W","Cauc",21.77243376,732.254583,3.401824,15.94864831,-0.1024,0.02562,0.5156,0.06233,0.1566,0.2495,-0.01926,0.2244,-0.008487,0.07499,0.1482,0.1294,0.1354,0.06054,0.1796,-1.052,-1.316,-0.3692,-0.2845,-0.04281,0.07955,0.1606,0.02154,-0.05145,-0.05623,-0.03173,0.0441,0.02603,0.06877,0.2836,-0.140782,-0.1389,-0.1412,-0.1308,-0.181,-0.167,-0.1364,-0.401,-0.03463,-0.114,-0.07789,0.02014,0.02717,0.1928,0.2493,-0.09735,0.2446,0.005222,0.009806,0.5116,0.6249,0.08418,0.004022
117,"X2220141",1,48,"Male","W","Cauc",134.7169339,412.8197588,11.079878,36.15160408,-0.1955,0.04523,0.2106,0.1195,0.05991,0.004863,0.004058,0.1909,0.04435,0.06471,0.3036,-0.04204,0.1519,-0.01953,-0.1914,-0.04254,-0.002395,-0.943,-0.2555,0.004221,-0.2554,-0.3178,0.01795,0.08901,0.0573,-0.03025,-0.03913,-0.1015,0.1319,0.1265,0.047155,0.04315,0.02736,0.06134,-0.01685,0.01046,0.03147,-0.1067,-0.03743,-0.1682,-0.1311,0.0532,0.1016,-0.002892,0.1261,-0.08924,0.2339,-0.05162,0.03438,-0.2454,-0.1976,0.03641,0.02039
118,"X2220143",0,0,"Female","W","Cauc",3.17514659,78.84135542,1.075332,12.30371764,-0.03941,0.07076,-0.3786,0.0742,-0.2092,-0.14,-0.4868,-0.4373,-0.436,-0.4851,-0.4263,0.5241,0.3896,0.06402,-0.945,-0.04165,0.007052,-0.962,-0.2323,-0.2276,-0.099,0.06363,0.05539,-0.09053,-0.06676,-0.008632,-0.3442,-0.1741,-0.01919,0.2319,0.011398,0.003492,-0.01427,0.0247,-0.05655,-0.02739,0.00462,-0.1057,-0.06836,-0.1508,-0.1189,0.09079,-0.06158,0.1262,0.1288,0.3263,0.2873,-0.1758,0.01283,0.1707,0.2024,-0.1242,0.1232
119,"X2220144",0,8,"Female",NA,"Cauc",NA,620.7574803,3.980746,NA,-0.1314,0.01575,-0.632,0.128,-0.256,-0.2034,-0.3238,-0.1135,-0.2837,-0.06617,0.1741,-0.3226,-0.1267,-0.04175,-0.1921,-0.2055,-0.1945,0.3417,0.3612,-0.1733,-0.244,-0.3748,-0.1458,0.04541,0.02213,0.03905,0.2615,-0.1379,-0.07916,-0.000244,-0.006523,0.004689,-0.02418,0.00768,-0.06347,-0.0445,-0.01758,-0.02215,-0.003702,-0.1772,-0.1254,0.04679,0.004049,-0.03183,0.04234,0.06714,-0.3143,-0.04508,0.02483,-0.5879,-0.4156,-0.05112,-0.03828
120,"X2220145",1,16,"Male","W","Cauc",74.84274105,298.0165377,2.659716,23.01259287,0.2935,0.02134,-0.2473,-0.000194,-0.2886,-0.2587,-0.05723,-0.09574,-0.02035,-0.2028,-0.01059,-0.2771,-0.05348,0.104,-0.1686,-1.175,-1.478,-0.1722,-0.1919,-0.03651,-0.04705,0.02859,-0.06161,0.09525,-0.08549,0.02903,0.1997,-0.1074,-0.1012,-0.1122,0.02349,0.01143,-0.006621,0.02945,-0.06426,-0.01205,0.00925,0.02185,-0.002883,0.139,0.1513,0.2494,0.1123,-0.07716,0.07268,0.2142,-0.3531,-0.0983,0.005985,0.1742,0.307,0.08237,-0.04065
121,"X2220146",1,6,"Male","W","Cauc",21.77243376,224.9267713,2.477066,15.27720227,0.1497,0.0139,-0.6684,-0.09258,-0.6327,-0.5705,-0.1816,-0.1843,-0.1673,-0.5139,-0.3336,-0.2888,0.000435,0.03256,-0.3544,-0.2244,-0.1708,-1.212,-0.2152,0.003508,-0.3201,-0.3365,-0.02912,0.09914,-0.002094,-0.0253,-0.4415,-0.3409,-0.2471,-0.3049,0.284373,0.2784,0.2626,0.304,0.2188,0.2407,0.2453,0.3808,0.01685,0.2607,0.2836,0.1133,-0.04327,-0.09666,-0.1425,0.01302,-0.2922,0.116,0.03204,-0.2691,-0.2222,-0.3534,-0.09627
122,"X2220147",1,45,"Male","W","Cauc",119.7483857,493.44695,6.450416,34.83024377,0.01012,0.1067,0.4255,-0.3012,-0.08368,0.006663,-0.07225,-0.0861,-0.05057,-0.2244,-0.06661,-0.09658,-0.01399,0.1071,-0.01425,-0.1015,-0.03396,-0.2264,-0.2966,-0.07769,-0.07578,-0.07875,-0.04917,0.2587,-0.04591,0.1573,0.4794,-0.138,-0.08571,0.05171,0.055735,0.06187,0.04391,0.05652,0.006691,0.03308,0.04731,-0.3106,-0.03562,-0.01739,-0.000282,0.09711,0.09345,0.1397,0.2399,-0.2057,-0.1967,-0.1058,0.008153,-0.03252,-0.1432,-0.07422,0.0187
123,"X2220148",0,50,"Female","W","Cauc",NA,261.1308644,3.728318,NA,0.03289,0.02881,-0.7676,0.0803,-0.5929,-0.4155,-0.5061,-0.3667,-0.4737,-0.8491,-0.7553,-0.5057,-0.175,0.4348,-0.2512,-0.2071,-0.1636,-0.5575,-0.2426,-0.1796,-0.2943,-0.2759,0.05428,0.05277,-0.1478,0.005284,0.06935,-0.3385,-0.2369,-0.1764,0.135296,0.1336,0.128,0.139,0.09304,0.1264,0.1067,0.199,-0.03035,0.2659,0.2878,0.2733,0.1041,-0.1282,-0.1295,0.5488,-0.2902,0.04439,0.04446,0.2323,0.2855,-0.1874,0.01653
124,"X2220149",1,65,"Male","W","Cauc",83.00740371,18.58897494,0.89268,27.82476926,-0.01172,3.6e-05,0.5997,-0.08864,-0.1335,-0.1139,-0.2136,-0.2729,-0.2114,-0.3784,-0.246,0.007599,0.097,-0.09157,0.4824,-0.2754,-0.204,-0.1459,0.01938,-0.298,0.2637,0.161,-0.03402,0.01415,0.05147,0.05222,0.5219,-0.05227,-0.000319,-0.003599,-0.006812,-0.01481,-0.02346,-0.006551,-0.05193,-0.03414,-0.03368,-0.08206,-0.01622,-0.117,-0.08966,0.06437,-0.0222,0.01169,0.2117,-0.1209,-0.1249,0.1015,0.1001,0.4834,0.7798,-0.02149,-0.1305
125,"X2220150",1,54,"Male","W","Cauc",84.82177319,1250,9.751914,26.8314309,0.04963,0.09378,0.5642,0.1085,0.0105,0.2001,0.08292,0.01552,0.1073,-0.3018,-0.1552,-0.03636,0.02346,0.09103,-0.06842,0.2663,0.3367,-0.2971,-0.2634,-0.0422,-0.07243,-0.09472,0.01136,0.02938,-0.06104,0.05704,-0.2061,-0.2333,-0.01762,-0.06758,0.137052,0.1498,0.1199,0.1258,0.07329,0.104,0.1155,-0.1472,-0.00149,-0.1272,-0.1185,0.07944,0.05191,0.05366,0.2681,-0.2919,-0.5722,-0.1454,0.03117,-0.1173,-0.2926,0.09543,0.03041
126,"X2220151",1,57,"Male","W","Cauc",95.2543977,540.395909,3.56872,27.70587572,0.1706,0.2591,0.01211,0.2309,-0.3012,-0.2775,-0.1899,-9.1e-05,-0.1429,-0.8288,-0.617,-0.3265,0.06251,0.08411,-0.7995,-0.9575,-1.19,-0.2305,-0.2313,-0.1444,-0.04804,0.05397,0.04407,-0.05695,0.003404,0.401,0.4034,-0.243,-0.02537,-0.237,0.101373,0.02835,0.08248,0.1643,0.03526,0.06612,0.08169,-0.2154,0.6957,-0.2379,-0.1624,-0.02471,-0.009593,0.3505,0.00607,-0.1725,-0.08031,0.04795,0.09567,-0.2444,-0.2053,-0.1739,0.1857
127,"X2220152",1,62,"Male","W","Cauc",63.95652417,923.6216452,6.002198,22.08349537,0.1979,0.1026,-0.1603,0.5195,-0.3694,-0.3176,0.1778,0.2134,0.226,-0.3022,-0.08646,-0.1174,0.03902,-0.01662,-0.1934,0.2798,0.3095,-0.3842,-0.2401,-0.272,-0.1555,-0.1059,0.06041,0.04089,-0.005286,0.1254,0.1098,-0.429,-0.1996,-0.2559,0.033044,0.04229,0.02526,0.03281,-0.04012,-0.01303,0.02669,-0.3409,-0.01892,-0.2369,-0.247,0.000623,0.04735,-0.02418,-0.000721,-0.2557,-0.1764,-0.08065,0.1059,-0.1891,0.1634,-0.06844,0.09121
128,"X2220153",1,58,"Male","W","Cauc",61.68856232,356.7235197,11.555712,20.08348306,0.1359,0.1327,-0.4757,0.06112,-0.3826,-0.3203,-0.4877,-0.3417,-0.4179,-0.3261,-0.1666,-0.1013,-0.01031,0.2911,-0.4799,0.06905,0.1191,-0.1599,-0.1447,-0.2177,-0.288,-0.2898,0.07961,-0.08131,-0.03331,0.08224,-0.1771,-0.4143,-0.2358,-0.1546,0.408624,0.4007,0.3635,0.3892,0.3572,0.357,0.3545,-0.1417,-0.1253,0.08483,0.1022,0.0554,0.0543,-0.02315,-0.07502,-0.04293,-0.0719,-0.04732,0.0938,0.1947,0.2775,-0.4929,0.1538
129,"X2220154",0,76,"Female","W","Cauc",74.38914868,NA,NA,28.15024684,-0.1079,0.01417,-0.4907,0.239,-0.0537,0.09145,-0.2558,-0.1452,-0.2143,-0.6635,-0.5234,-0.5361,-0.3414,-0.0444,0.05059,0.06857,0.1299,0.2693,0.08934,0.1694,-0.3698,-0.2808,0.06784,-0.09121,0.06603,0.000858,0.21,-0.1343,-0.03824,0.03725,0.142516,0.1194,0.08459,0.1412,0.09692,0.08561,0.08052,0.2786,-0.02961,0.4216,0.4139,0.0101,0.04963,0.02205,0.1379,0.1534,-0.1045,0.0175,-0.03246,0.3227,0.3586,-0.2279,0.02004
130,"X2220155",0,10,"Female","W","Cauc",NA,974.5538721,6.52694,NA,-0.0268,-0.01167,-0.3787,-0.2705,-0.5048,-0.6428,-0.2224,-0.1902,-0.142,-0.8213,-0.7011,-0.5437,0.09068,-0.06418,0.1099,-0.3214,-0.2657,-0.3992,-0.2013,0.09252,-0.109,-0.08025,0.06498,0.06394,0.1362,0.04749,0.1961,-0.1768,-0.08392,-0.1126,0.224715,0.2003,0.171,0.193,0.1783,0.179,0.1653,0.06984,-0.08941,0.2155,0.2072,0.1082,0.06736,-0.01384,-0.05298,0.07966,-0.2695,0.08203,0.03671,-0.1312,-0.172,-0.2595,-0.1361
131,"X2220157",0,69,"Female","W","Cauc",56.69904625,775.238955,8.54938,20.17532081,0.07151,0.01894,0.3794,-0.01538,0.1899,0.3218,-0.04472,-0.1559,-0.01022,-0.2608,-0.2886,-0.2095,0.01722,-0.1739,0.1877,-0.1077,-0.08854,-0.2622,-0.2679,-0.1684,0.1371,0.09273,0.0139,0.00843,-0.01553,-0.002309,-0.1913,-0.04959,0.000105,0.005181,0.180807,0.1631,0.1183,0.1708,0.1045,0.1344,0.1317,-0.05264,-0.08302,-0.04325,-0.03492,0.03145,-0.02521,0.1196,0.2145,-0.01995,-0.01184,-0.05869,0.01123,-0.2012,-0.185,0.07859,-0.06492
132,"X2220158",0,50,"Female","W","Cauc",63.04933943,0,13.518026,23.13057315,-0.06407,-0.0169,-0.3261,-0.1099,-0.3219,-0.3194,-0.6057,-0.5102,-0.5501,-0.8084,-0.6705,-0.1514,-0.1637,0.1234,-0.07374,0.1917,0.225,-0.04528,-0.04481,-0.05269,-0.1189,-0.1112,0.04514,-0.03513,-0.04677,-0.1065,-0.3576,-0.1778,-0.08438,-0.02336,-0.19098,-0.2045,-0.2154,-0.1894,-0.2615,-0.2304,-0.2088,0.5974,-0.04438,0.7577,0.7821,0.06741,0.09089,0.1422,0.1176,0.784,0.3054,0.03053,0.04903,0.3072,0.1494,0.1445,-0.04723
133,"X2220159",0,41,"Female","H","Cauc",61.68856232,1230,10.103562,21.95074904,-0.005379,-0.03086,0.5519,-0.1044,0.3149,0.4736,0.00677,0.06252,0.04261,-0.1024,-0.05629,0.08773,0.05417,-0.1412,0.1158,0.03563,0.09493,-0.2704,-0.3833,-0.1343,-0.04695,-0.06994,-0.04951,0.01791,-0.008445,-0.02703,-0.1414,0.007423,0.02463,-0.05699,-0.124809,-0.1253,-0.131,-0.1277,-0.1903,-0.1761,-0.1237,-0.1442,-0.02069,-0.1792,-0.1765,0.06663,-0.001926,0.1276,0.2868,-0.08334,0.2403,-0.09318,-0.03246,-0.3518,-0.2144,0.426,-0.1231
134,"X2220160",1,11,"Male",NA,"Cauc",95.2543977,844.7111537,15.50767,31.93006309,0.03419,0.1182,-0.2506,-0.1081,-0.3221,-0.08152,-0.4846,-0.1973,-0.4257,-0.4762,-0.2783,-0.03828,0.03504,0.2971,-0.4509,-0.178,-0.1461,-0.1183,-0.1439,-0.06651,-0.308,-0.2812,0.0605,0.07335,-0.02462,0.07592,-0.3181,-0.3121,-0.07056,-0.1497,0.198,0.2121,0.1812,0.1917,0.1351,0.1621,0.1853,-0.1978,-0.04522,-0.1523,-0.119,-0.06025,0.03878,0.03116,0.1698,-0.1856,0.09552,-0.1206,0.02908,-0.1496,-0.04925,-0.2544,0.08425
135,"X2220162",1,1,"Male","W","Cauc",4.5359237,399.2346926,2.15849,NA,0.03106,0.01888,-0.1772,-0.2332,-0.2512,-0.2264,-0.05958,-0.08634,-0.03944,-0.2578,-0.2043,-0.04345,-0.07031,-0.03478,0.1113,0.2429,0.2825,-0.1831,-0.2043,-0.008095,0.0901,0.1566,-0.01183,0.04758,0.02939,-0.02615,-0.4141,0.07543,0.1451,0.1027,-0.143646,-0.1494,-0.1869,-0.1695,-0.2089,-0.1822,-0.1751,-0.05292,-0.0725,0.01376,0.02385,0.01797,-0.02343,0.004311,0.01446,0.2162,-0.06577,0.02244,-0.007906,0.1225,0.2676,-0.2807,-0.0232
136,"X2220163",0,56,"Female","W","Cauc",64.86370891,717.4949972,3.136832,27.01933617,0.1914,-0.01915,0.09239,0.7933,-0.07426,0.02637,0.062,0.03879,0.1122,-0.3139,-0.2869,-0.1015,-0.03219,-0.1765,0.06149,-0.0509,0.01907,0.05801,-0.1318,0.1687,0.02311,0.1597,0.0592,-0.05263,-0.04962,-0.06092,-0.07019,0.3008,-0.005902,0.3104,-0.065749,-0.05541,-0.05053,-0.07382,-0.1358,-0.1209,-0.09942,-0.05375,-0.06124,0.1092,0.1305,0.06218,0.033,-0.08297,0.005525,-0.09756,0.01461,0.1128,0.02102,0.2801,0.2166,-0.06778,-0.1249
137,"X2220165",1,52,"Male","W","Cauc",98.88313666,737.3580892,9.543084,32.19264196,0.03814,0.09013,0.002269,0.000283,-0.04868,0.1596,0.01574,-0.02733,0.04696,-0.3976,-0.2757,-0.2013,-0.04359,-0.08089,-0.08278,-0.02871,0.007208,-0.2782,-0.1871,-0.09976,-0.1751,-0.1264,0.02862,-0.02852,-0.02209,0.03466,-0.2302,0.03454,-0.03661,0.04056,-0.004415,-0.01687,-0.0611,-0.0316,-0.04619,-0.05184,-0.06269,-0.1299,0.03194,-0.05209,-0.0318,-0.04154,0.05501,0.1479,0.1327,0.1726,-0.04891,-0.01582,0.001895,0.2267,0.2745,-0.2489,0.06808
138,"X2220166",0,28,"Female","W","Cauc",53.97749203,215.1242477,0.452066,18.63784361,-0.008368,0.00165,0.5244,0.3682,-0.1939,-0.119,0.1844,0.2473,0.2125,-0.07953,0.04615,0.2992,0.199,-0.0137,-0.09012,0.03522,0.08697,-0.3275,-0.1803,-0.3264,0.1828,0.3492,-0.005171,0.04841,0.003235,-0.009096,-0.1642,0.08548,0.04604,0.1943,0.119372,0.06467,0.07112,0.1303,0.03373,0.04804,0.05575,-0.05372,-0.06188,-0.0696,-0.05368,0.1563,0.07238,-0.09135,0.06426,0.3421,0.07974,-0.003434,0.02503,-0.4317,-0.2701,-0.1676,-0.02669
139,"X2220167",1,49,"Male","W","Cauc",130.6346026,465.9783035,10.24357,37.99662956,-0.06261,0.02751,0.4303,0.1535,-0.2019,-0.1626,-0.2295,-0.1006,-0.1875,0.006167,0.06623,-0.2033,-0.04346,-0.05219,0.1399,0.2331,0.277,-0.304,-0.5849,-0.1887,0.1418,0.2446,-0.001398,0.132,-0.04675,0.1441,0.6612,-0.08053,2,-0.09315,0.130281,0.1205,0.09929,0.1455,0.04218,0.09103,0.1048,-0.2169,0.04781,-0.1592,-0.1171,0.09273,0.06279,-0.05261,-0.01997,-0.141,0.1709,0.05406,0.03195,-0.262,-0.3568,-0.07207,-0.08285
140,"X2220169",1,61,"Male","W","Cauc",99.7903214,241.9763044,9.493374,30.68345716,-0.1128,-0.01089,-0.06573,0.2097,-0.3535,-0.3423,-0.186,-0.165,-0.1403,-0.6192,-0.5258,-0.501,0.02111,0.01197,0.0491,-1.075,-1.171,-0.1674,-0.2588,-0.2139,-0.1466,-0.151,0.001525,0.0628,0.08321,0.03898,0.4047,0.02576,-0.06454,0.01576,0.320008,0.3112,0.2377,0.2868,0.2388,0.2667,0.2357,0.09473,0.02348,0.04882,0.0659,0.1277,0.03682,-0.07555,-0.1164,0.06567,-0.01507,0.06701,0.05819,0.1976,0.213,-0.2397,-0.1028
141,"X2220171",0,15,"Female","W","Cauc",NA,278.827002,3.05339,NA,0.01168,0.06498,-0.2728,0.0679,-0.1855,-0.2563,-0.03827,-0.09822,-0.009921,-0.5257,-0.3867,-0.2728,-0.1317,0.04301,-0.07924,-1.265,-1.129,-0.332,-0.4263,-0.1152,-0.04322,0.06058,0.03964,0.1811,0.1299,0.009229,-0.5795,-0.2893,-0.1344,-0.0626,0.131123,0.1196,0.08869,0.1457,0.06023,0.09557,0.102,0.0105,-0.03286,-0.01057,-0.01139,-0.03757,0.02829,0.009038,-0.02731,-0.1132,-0.3125,-0.04723,0.03341,-0.3764,-0.3781,-0.3433,0.0318
142,"X2220172",1,68,"Male","W","Cauc",68.0388555,465.1759686,23.279424,22.15090043,0.1789,0.04472,0.2758,0.187,-0.08845,0.09365,0.04585,0.2093,0.09186,-0.7263,-0.5448,-0.3188,-0.1017,-0.0253,0.1359,-1.08,-1.259,0.001008,-0.3856,-0.09137,-0.09403,-0.09344,-0.002084,0.1447,0.005866,0.04103,0.3849,-0.08989,-0.08128,0.03264,0.206501,0.2056,0.1679,0.1733,0.1686,0.1439,0.1381,-0.1036,-0.01923,-0.1449,-0.1807,0.08507,0.104,0.06287,0.03905,0.09362,0.03646,0.1015,0.00519,0.1863,0.1614,-0.3097,-0.06072
143,"X2220173",0,69,"Female","W","Cauc",63.95652417,363.6393719,13.614576,22.75776188,0.08482,0.09175,-0.5422,-0.05789,-0.4357,-0.2929,-0.5907,-0.4263,-0.5367,-0.5648,-0.3154,-0.5139,-0.1318,0.1282,-0.2822,-1.195,-1.133,-0.1413,-0.3326,-0.3142,-0.2793,-0.1848,-0.0458,0.4495,0.00643,0.1391,0.5481,-0.385,-0.1254,-0.3734,0.35979,0.3713,0.3293,0.3744,0.283,0.2863,0.2991,-0.09246,-0.05081,-0.1186,-0.09493,0.1583,0.02129,-0.1986,-0.08077,0.06477,-0.2437,0.05208,0.01851,-0.1897,0.1122,-0.6885,0.02079
144,"X2220174",1,22,"Male","W","Cauc",73.48196394,386.6846089,5.63523,21.97092436,0.1406,0.01705,-0.07113,0.3538,-0.1975,-0.1014,-0.1058,-0.1078,-0.04614,0.2905,0.04702,0.06994,-0.07722,0.04467,0.1346,-0.0362,0.02534,0.1661,0.0766,-0.1753,-0.07635,0.009566,-0.01489,0.08902,-0.04849,-0.0239,-0.3542,0.1147,0.003004,0.06609,0.134328,0.1353,0.07781,0.1365,0.05237,0.05981,0.05188,-0.09971,-0.017,-0.02373,-0.01378,0.05367,0.08061,-0.006659,0.04452,-0.1131,-0.05173,-0.04009,0.01905,0.1907,0.05416,-0.2566,-0.005191
145,"X2220175",0,68,"Female","W","Cauc",126.5522712,792.2056662,8.46064,43.69712914,0.1858,-0.02109,-0.1168,0.3525,-0.3129,-0.166,-0.2517,-0.02874,-0.2608,-0.5028,-0.5156,-0.421,-0.02837,-0.1258,0.1157,-0.2119,-0.1498,0.2814,0.1049,-0.2269,-0.0631,-0.1576,0.04706,0.08829,0.07768,-0.05789,-0.1415,-0.099,-0.09834,0.03504,0.10781,0.1081,0.08739,0.1176,0.07669,0.08511,0.07474,0.003384,-0.08369,0.0358,0.04345,0.09872,-0.03548,-0.1644,-0.0713,-0.09168,-0.3282,0.1384,0.04014,0.1217,-0.002882,0.0364,-0.1302
146,"X2220176",0,65,"Female","W","Cauc",69.85322498,592.1891396,14.64163,26.43376838,-0.09369,0.1143,-0.2067,0.08615,-0.3359,-0.2887,-0.4069,-0.3847,-0.3373,-0.4029,-0.2133,-0.3243,-0.0753,0.08629,-0.206,-0.2121,-0.2197,0.02954,0.002587,-0.1481,-0.1419,-0.1046,-0.07314,0.2518,0.05079,0.06524,-0.1999,-0.1987,-0.1016,-0.08949,0.323471,0.2992,0.2566,0.3592,0.27,0.2665,0.2616,-0.005292,-0.01684,0.01201,0.02495,-0.05761,-0.00915,-0.05961,-0.1328,-0.1235,-0.07629,0.09266,0.03417,0.01838,-0.04786,-0.4389,0.04119
147,"X2220178",0,49,"Female","W","Cauc",58.9670081,385.8789918,3.333742,23.02823012,-0.1174,0.1467,0.4618,0.2072,-0.2276,-0.05797,-0.397,-0.2703,-0.3286,-0.03491,0.09268,0.02195,0.07361,0.07839,-0.1018,-0.08835,-0.05684,-0.07682,-0.2527,-0.03172,-0.008103,-0.02268,-0.07671,0.3305,0.001102,0.07168,-0.3292,-0.09033,-0.05337,0.03872,-0.030683,-0.02271,-0.05074,-0.06461,-0.06977,-0.06115,-0.1042,0.02862,-0.006305,0.1297,0.1084,-0.01636,0.08401,-0.04784,-0.1069,0.05525,-0.1653,0.07296,0.03948,-0.04592,-0.1714,-0.3566,0.135
148,"X2220180",0,49,"Female","W","Cauc",51.70953018,930.8779439,8.026746,26.49584532,0.2028,0.03396,-0.4182,0.2621,-0.2488,-0.2619,0.01532,-0.007073,0.06595,-0.6222,-0.6656,-0.4463,0.1017,-0.121,0.3051,-0.06327,-0.04119,-0.2805,-0.4837,-0.1844,0.01404,0.05346,0.01919,0.05567,0.1464,0.03688,0.06359,-0.1438,-0.08257,-0.08259,0.140891,0.1373,0.09457,0.1168,0.08022,0.1068,0.04225,-0.1092,-0.08657,-0.04128,-0.05226,0.06812,0.0465,0.06169,0.04388,-0.07383,-0.2685,0.02674,0.04472,0.319,0.336,0.04533,-0.08094
149,"X2220181",0,75,"Female","W","Cauc",55.79186151,721.6141161,10.706354,22.49676334,0.04258,0.1294,-0.6731,0.3904,-0.2887,-0.2496,-0.255,-0.3068,-0.2017,-0.5508,-0.4237,-0.5037,-0.2059,-0.1484,-0.2447,-0.03507,0.008916,0.1469,-0.06532,-0.2256,-0.2276,0.02467,0.05784,0.09672,-0.06111,0.06597,-0.3287,-0.2241,0.03572,-0.09606,0.196936,0.2181,0.1728,0.1793,0.1811,0.1627,0.1592,0.1024,-0.05576,0.1095,0.1174,-0.05302,0.004724,-0.04795,-0.1863,0.4244,-0.06852,0.04231,0.1264,-0.2534,-0.3279,-0.2605,0.1057
150,"X2220182",0,46,"Female","W","Cauc",83.00740371,553.4520141,13.095218,32.4166624,0.1493,0.05486,0.7479,0.3318,-0.08993,-0.07808,0.2326,0.2212,0.2737,0.4747,0.7533,0.08187,0.1228,-0.07254,-0.2065,0.06652,0.03615,-0.153,-0.07904,-0.202,-0.1369,-0.2098,-0.04376,0.1828,-0.01677,-0.02842,-0.03371,-0.1524,NA,0.1312,0.084525,0.09001,0.01382,0.1179,0.03131,0.04772,0.04092,-0.3627,-0.3219,-0.274,-0.2992,0.02801,0.04745,0.04037,0.0297,0.1438,0.257,-0.0782,0.03462,-0.319,-0.3095,0.01945,0.06077
151,"X2220183",1,52,"Male","W","Cauc",51.70953018,848.6225315,13.0913,16.357129,0.1002,0.122,0.1454,0.1643,-0.1298,0.1021,-0.0232,0.1553,0.01324,-0.4173,-0.3064,-0.2541,0.0725,0.05624,-0.07762,0.3105,0.362,-0.1038,-0.3189,-0.262,-0.02174,-0.04442,0.02882,0.2029,0.004841,0.1551,0.3286,-0.348,-0.1017,-0.03748,0.164764,0.1784,0.1334,0.1614,0.1053,0.121,0.1376,-0.248,-0.04178,-0.3029,-0.2688,0.07843,0.04877,-0.09488,0.08697,-0.005749,-0.07068,-0.1273,0.003549,-0.211,-0.2463,-0.1512,0.07748
152,"X2220184",0,66,"Female","W","Cauc",NA,1600,6.187304,NA,0.1482,-0.00598,-0.3639,0.5572,-0.2602,-0.2691,-0.1171,0.0582,-0.03109,-0.4959,-0.3788,-0.01308,0.09894,0.1674,0.06495,-0.01647,-0.0265,-0.02059,-0.226,-0.09673,-0.05432,-0.1356,0.03165,0.1442,-0.01201,0.000189,-0.2807,-0.3901,-0.1025,-0.03014,0.274061,0.3122,0.1971,0.267,0.1905,0.222,0.2426,-0.1552,-0.161,-0.08331,-0.08786,0.0944,0.1369,-0.1147,0.01255,0.0527,-0.182,-0.07875,0.08687,-0.2153,-0.3296,-0.316,-0.000308
153,"X2220185",1,54,"Male","W","Cauc",87.54332741,568.1535378,15.95774,27.69233242,0.01098,0.08282,0.3858,0.1274,-0.4509,-0.3946,-0.07293,0.06949,-0.04502,-0.2692,-0.1158,-0.1349,-0.0101,-0.02328,0.15,0.3426,0.3798,-0.05226,0.02716,-0.2594,0.1161,0.08407,-0.03587,0.4229,-0.007998,0.05163,0.2159,-0.06289,-0.02519,0.03513,0.121499,0.1246,0.1019,0.1283,0.0545,0.07389,0.09767,-0.1029,0.04214,-0.1441,-0.1277,-0.0147,0.1017,0.03864,0.04825,-0.03359,0.2401,0.02587,0.005564,-0.2426,-0.2176,-0.09493,0.03562
154,"X2220186",1,52,"Male","W","Cauc",NA,1190,5.334064,NA,-0.09288,0.09118,-0.5536,0.2327,-0.1347,-0.007262,-0.1577,0.02334,-0.1067,-0.9368,-0.7962,-0.335,-0.1725,0.1497,-0.1012,-1.25,-1.305,-0.5068,-0.6475,-0.2279,-0.1238,-0.1996,0.02303,0.2277,-0.05774,0.07278,0.1476,-0.1326,0.04788,0.04379,0.07937,0.07119,0.03171,0.09094,0.02017,0.03892,0.04381,-0.04053,-0.03387,0.1182,0.1291,0.2607,0.07529,0.06574,-0.02021,-0.2438,-0.3693,0.08131,0.02899,-0.3317,-0.3002,-0.2255,-0.008445
155,"X2220187",1,18,"Male","W","Cauc",69.85322498,624.3973314,12.483436,24.85599524,0.1442,0.05798,0.3852,-0.03157,-0.176,-0.1657,-0.0758,-0.1228,-0.04894,-0.5165,-0.3542,-0.2912,0.007799,0.1029,0.1727,-0.08275,-0.01631,-0.22,-0.1662,-0.1575,0.05869,0.05794,-0.04564,0.09406,0.03495,0.01323,-0.1093,-0.1644,0.05082,0.04117,0.197625,0.2076,0.1861,0.1909,0.1675,0.1582,0.1425,0.05268,-0.07948,-0.05737,-0.06016,0.03438,0.07065,-0.04605,0.04177,-0.3439,-0.0666,-0.0197,0.04244,0.4769,0.5487,0.0525,-0.01833
156,"X2220189",1,69,"Male","W","Cauc",78.92507238,387.1709415,3.521626,28.08404657,-0.05322,0.04359,-0.295,0.171,-0.07969,0.1292,-0.03005,-0.06409,0.00125,0.621,0.7624,-0.05448,-0.1104,-0.07493,0.00823,-1.273,-1.196,-0.5446,-0.2054,-0.04696,-0.05958,-0.1599,0.02823,0.08849,-0.08798,0.02198,-0.127,0.03773,0.05238,0.02565,-0.131652,-0.1442,-0.1717,-0.1341,-0.1897,-0.1605,-0.1461,0.08011,-0.0509,0.07744,0.1262,0.009658,0.0533,-0.01923,0.2064,0.2253,0.0428,-0.0117,-0.01585,-0.2931,-0.2496,0.06746,-0.02708
157,"X2220190",0,67,"Female","W","Cauc",NA,1380,5.44374,NA,0.3833,0.07027,-0.2017,0.3023,-0.01856,0.0519,-0.203,-0.02423,-0.1405,-0.05102,0.04741,-0.2198,-0.0135,0.004931,-0.1421,-0.08913,-0.04838,0.04003,-0.3026,-0.2336,-0.04079,0.007472,0.02219,2,-0.02769,0.08413,0.1026,-0.3264,-0.1129,-0.1797,0.31466,0.2911,0.2585,0.3228,0.2527,0.2668,0.2318,-0.08142,0.02906,-0.2025,-0.2256,0.04169,0.01822,0.3147,0.156,-0.08696,-0.1024,-0.1493,0.02989,-0.2383,-0.4936,0.02429,0.1025
158,"X2220191",0,30,"Female","W","Cauc",99.7903214,535.9343722,4.40275,40.2381133,0.1699,0.1604,0.001568,0.264,-0.2649,-0.112,0.08489,0.1043,0.1514,-0.3992,-0.2405,-0.105,-0.06232,0.01545,-0.2644,0.231,0.1969,-0.3899,-0.3129,-0.05822,-0.308,-0.2181,0.02924,0.1085,-0.03272,0.1711,0.3422,-0.1816,-0.0489,-0.07758,0.034158,0.04896,-0.05089,0.05834,-0.02538,-0.02474,0.03451,-0.05868,0.03102,-0.02725,-0.05057,0.1951,0.07836,0.0155,0.1222,-0.06234,-0.05637,0.008192,0.08033,-0.2737,-0.1484,0.07035,0.115
159,"X2220192",0,35,"Female","W","Cauc",54.88467677,304.6581226,15.216034,18.95108468,0.1438,0.04034,-0.1117,-0.3688,-0.5813,-0.5181,-0.4696,-0.4848,-0.3569,-0.2855,-0.2365,-0.2419,-0.2124,0.5053,-0.02072,0.05147,0.1455,-0.03208,-0.1523,0.04211,-0.04985,-0.01856,-0.06153,-0.1243,-0.03816,0.07632,0.2734,-0.04394,0.06353,0.04965,0.038857,0.01369,-0.01224,0.04259,0.003231,0.008438,-0.01749,-0.01382,-0.08659,0.05483,-0.001163,0.04104,0.02467,0.002185,0.1512,0.2364,0.01964,-0.004747,-0.04949,0.1719,0.3151,0.03423,0.003378
160,"X2220194",0,57,"Female","W","Cauc",124.7379018,392.870417,8.657444,44.38570579,0.004624,0.07771,0.1516,-0.02938,-0.2101,-0.0909,-0.2909,-0.3451,-0.2403,-0.01905,0.1252,0.1215,-0.004744,0.1354,0.05524,-0.03295,0.01125,-0.058,0.1973,-0.1518,0.02808,0.0043,0.006145,0.1489,0.01807,0.04791,0.2542,0.1592,NA,0.3694,-0.124912,-0.153,-0.1674,-0.1206,-0.1834,-0.1749,-0.1676,-0.09705,-0.09322,-0.06519,-0.02409,0.06296,0.04359,0.3737,0.2107,-0.1112,-0.02241,0.01239,-0.01391,-0.15,-0.1637,-0.16,0.06483
161,"X2220196",0,47,"Female","W","Cauc",NA,0,2.457952,NA,0.00482,0.1215,0.3952,0.01665,-0.02271,0.04788,-0.3437,-0.4549,-0.3471,0.2957,0.532,0.09915,0.03214,0.1842,-0.1026,-0.101,-0.0303,-0.1709,-0.2111,-0.08841,-0.1413,-0.06378,-0.0251,0.07747,0.08321,0.04478,-0.04438,-0.1664,-0.05988,0.05985,0.046769,-0.004083,0.000311,0.06087,0.01551,0.02755,-0.01879,0.006632,-0.02191,0.03983,0.005555,0.06801,0.01927,0.2044,0.1228,0.4299,-0.006819,-0.07826,0.03654,-0.2061,-0.2691,-0.03613,0.07633
162,"X2220197",0,58,"Female","W","Cauc",NA,901.6287668,10.185114,NA,0.06894,0.1975,0.2194,0.2736,0.02821,0.1403,0.02789,0.01522,0.08226,0.2176,0.07117,0.1868,0.04602,-0.08622,-0.1685,0.2551,0.2094,-0.02761,-0.1281,0.05681,-0.06285,0.01271,0.03783,0.1594,-0.04523,0.0935,0.08604,-0.1965,0.1497,0.0773,-0.167007,-0.1642,-0.1999,-0.186,-0.194,-0.1795,-0.182,0.02214,0.06141,-0.09504,-0.1009,0.02583,0.03134,0.0241,0.05796,-0.0375,-0.1551,-0.1585,0.05413,-0.2035,-0.2404,-0.1074,0.1676
163,"X2220198",1,53,"Male","W","Cauc",79.37866475,532.5606148,3.60873,23.73402323,-0.05914,0.1908,-0.03524,0.1711,-0.1571,0.1051,-0.00466,0.01925,-0.009411,-0.4233,-0.1866,-0.1099,0.1643,0.03644,-0.2214,-1.081,-1.134,-0.5447,-0.4783,-0.1618,-0.02155,-0.07754,-0.005974,0.393,0.06778,0.1463,-0.2528,-0.1558,-0.1139,-0.2115,0.423019,0.4057,0.3789,0.3898,0.3859,0.4136,0.3872,-0.00143,-0.000602,-0.01558,-0.02276,-0.004816,0.08831,0.01153,-0.0451,0.1273,0.1917,-0.04258,0.07636,-0.2957,-0.277,-0.2396,0.1434
164,"X2220199",1,34,"Male",NA,"Cauc",NA,1170,8.928294,NA,0.003329,0.03092,0.06467,-0.02416,-0.2332,-0.2235,-0.2964,-0.3386,-0.2334,-0.1799,-0.1507,-0.1534,-0.08734,0.03887,-0.318,-0.1277,-0.08584,-0.1737,-0.4378,-0.2702,0.1056,0.1078,-0.1392,0.002581,0.1183,0.01702,-0.1528,0.007294,0.05303,-0.000182,-0.105801,-0.1272,-0.1607,-0.132,-0.133,-0.144,-0.1629,0.08116,-0.09442,0.08619,-0.02223,0.0874,0.01426,0.1033,0.1175,-0.1301,-0.1637,0.02713,0.06967,-0.2643,-0.2311,-0.04373,0.000459
165,"X2220200",1,32,"Male","W","Cauc",169.6435464,426.5038283,25.111068,56.86592188,0.0885,0.1886,-0.5087,0.01893,-0.5807,-0.4825,-0.1462,0.0993,-0.08408,-1.001,-0.9128,-0.3374,-0.07705,-0.00548,-0.1606,-0.3235,-0.2758,-0.3091,-0.2872,-0.04587,-0.2662,-0.2322,0.01673,0.2392,-0.006225,0.1821,0.3364,-0.2851,-0.02848,-0.1671,0.321258,0.3107,0.2628,0.3002,0.2802,0.3066,0.2616,-0.1087,-0.05378,0.02381,-0.03033,0.1887,0.04648,-0.1711,-0.2468,-0.02139,0.08155,0.1647,0.1146,-0.2537,-0.05821,-0.3293,0.0895
166,"X2220201",1,56,"Male","W","Cauc",NA,424.362556,4.563522,NA,0.1912,0.03878,0.3852,-0.2756,-0.1708,-0.05103,-0.0173,-0.08521,-0.01426,-0.6229,-0.5164,-0.1944,-0.03892,0.06211,-0.1492,0.1741,0.2328,-0.2726,-0.3332,-0.191,-0.03931,-0.06756,0.06037,0.05102,-0.06179,0.02051,-0.03432,-0.1759,-0.01889,0.1609,0.039892,0.03962,0.0194,0.03163,0.005101,0.04703,0.000453,-0.1428,-0.005207,-0.08326,-0.08743,-0.04989,0.03994,0.1568,0.09676,0.07328,0.06539,0.03034,0.05527,0.2961,0.6201,0.1139,0.05351
167,"X2220202",0,47,"Female","W","Cauc",176.9010243,613.8492972,22.91894,62.94700093,0.0414,0.05457,0.481,NA,0.1688,0.1491,-0.239,-0.2336,-0.1928,0.1654,0.4245,0.1765,0.1111,-0.187,-0.1339,0.2131,0.2906,-0.4159,-0.4297,-0.131,0.03009,0.07286,0.0434,0.3265,0.08881,0.05361,-0.07398,0.1719,0.1691,0.211,0.063109,0.03418,-0.01322,0.08799,0.0185,0.01768,0.01744,-0.3219,-0.08765,-0.3261,-0.377,-0.04113,0.0449,0.2281,0.1149,0.2352,0.03355,0.03655,-0.005087,-0.3177,-0.3454,0.129,0.02208
168,"X2220203",1,70,"Male","W","Cauc",136.077711,695.3297793,12.82541,32.95638655,-0.03909,0.04767,-0.3419,0.3957,-0.2048,-0.1978,-0.2652,-0.1356,-0.1633,-0.6483,-0.548,-0.1538,0.01566,-0.0501,-0.07354,-0.1974,-0.092,-0.05421,-0.3096,-0.1287,-0.1597,-0.1053,-0.04837,0.2946,0.1467,0.002768,-0.08555,-0.1885,-0.1052,-0.04429,-0.09025,-0.08721,-0.1178,-0.1049,-0.1364,-0.1219,-0.15,-0.06526,0.005809,-0.1666,-0.2346,0.1287,0.08628,0.08494,0.009542,0.1638,-0.04982,0.07287,0.0162,-0.2542,-0.32,0.006334,-0.01003
169,"X2220204",0,42,"Female","W","Cauc",NA,583.8470782,15.017538,NA,-0.1429,-0.007998,0.1187,-0.04714,-0.05062,0.007435,-0.4437,-0.4561,-0.3914,-0.1528,-0.03853,-0.0974,-0.1319,-0.02991,0.2659,-1.3,-1.256,-0.05358,-0.217,-0.1102,-0.01504,-0.05285,-0.00911,-0.04306,-0.05107,0.06322,0.2858,0.03552,0.05797,0.1114,-0.032023,-0.03814,-0.06571,-0.03402,-0.07912,-0.06669,-0.07273,0.2686,-0.1176,0.3311,0.3227,-0.04554,0.02951,0.04947,0.0992,0.00688,-0.1875,0.1573,0.06809,-0.308,-0.1096,-0.2394,-0.02397
170,"X2220205",1,59,"Male","H","Cauc",86.63614267,1600,7.199264,29.9145221,-0.133,0.02047,-0.1919,0.3666,-0.1253,-0.002079,-0.2793,-0.1697,-0.2323,-0.3443,-0.1851,-0.04446,-0.09521,-0.1823,0.2584,-0.2609,-0.2277,-0.5429,-0.1342,0.2825,-0.2326,-0.1786,-0.08282,0.1519,0.08195,0.1473,0.6026,0.06374,0.1073,0.004554,0.034221,0.03729,-0.01015,0.03414,-0.04135,-0.005319,-0.005147,0.1808,-0.04877,0.1688,0.1797,0.1014,0.004853,-0.1704,-0.04046,-0.09253,-0.2367,0.3247,0.1055,-0.4153,-0.383,0.03723,-0.09186
171,"X2220209",0,50,"Female","H","Cauc",46.26642174,NA,NA,17.50808035,0.002844,0.069,-0.5112,0.4979,-0.1342,0.1126,-0.3039,-0.2696,-0.2871,0.1849,0.003503,0.2331,0.1333,0.07433,-0.2086,0.007792,0.01304,-0.1044,-0.2081,-0.3188,0.05924,0.05706,-0.06823,0.1137,-0.0525,0.07083,0.1542,-0.001969,0.06172,0.06056,0.156888,0.1555,0.1265,0.1718,0.1021,0.1368,0.124,0.06462,-0.04583,0.1242,0.1437,0.1457,0.1042,-0.143,0.09299,-0.07935,0.04845,0.07021,0.04454,-0.3891,-0.296,-0.2463,-0.03558
172,"X2220222",1,29,"Male","W","Cauc",102.5118756,86.20177868,21.930026,29.01638513,0.06217,0.07549,-0.4496,0.4735,-0.2276,0.03213,-0.262,-0.831,-0.2308,0.147,0.2742,0.025,0.06345,0.06729,-0.004114,0.2416,0.3198,-0.1855,-0.4948,-0.3145,-0.157,-0.2895,-0.01898,0.1595,-0.177,0.1676,0.4101,-0.445,0.2168,-0.7273,0.124981,0.1175,0.1079,0.1376,0.09553,0.1133,0.09541,0.08264,-0.02029,0.2154,0.2295,0.1457,0.09828,-0.1063,0.06015,-0.3782,-0.2408,0.02178,-0.02112,-0.4555,-0.6547,-0.002437,-0.02117
173,"X2220225",1,30,"Male","W","Cauc",79.83225712,0,25.023126,25.99038984,-0.1008,0.2376,-0.5863,0.1309,-0.5761,-0.1903,-0.58,-0.5028,-0.5098,-0.11,0.2257,0.1177,0.0172,0.1159,-1.104,-1.013,-1.257,-0.04238,-0.4475,-0.2117,-0.101,-0.3371,-0.0231,0.2339,-0.1208,0.1672,-0.34,-0.3028,-0.1494,-0.07082,-0.043961,-0.03477,-0.05736,-0.03965,-0.1018,-0.07081,-0.05422,0.1416,0.01341,0.1704,0.2322,0.5846,0.1099,-0.1438,-0.1969,-0.3537,0.1117,-0.01056,0.04391,-0.1315,0.08897,-0.2861,0.2161
174,"X2220233",0,75,"Female","W","Cauc",78.01788764,583.7721324,8.602176,29.52342961,0.1131,0.09099,-0.3174,0.09416,-0.3119,-0.2704,-0.3566,-0.373,-0.3185,-0.1714,-0.03775,-0.2541,-0.09069,0.1101,-0.1274,-0.1809,-0.1682,-0.1724,-0.3208,-0.000717,-0.2531,-0.2138,-0.17,0.06047,0.02166,0.02191,-0.07333,-0.1997,-0.1351,-0.1792,0.160011,0.1535,0.1467,0.1638,0.1094,0.1351,0.1119,0.1252,0.07534,0.05732,0.0902,0.03637,0.03957,-0.0856,-0.08678,-0.2849,-0.3046,-0.0228,0.03551,-0.4936,-0.5086,0.07712,-0.02065
175,"X2220234",1,72,"Male","W","Cauc",79.83225712,503.7868965,9.88742,27.56521408,0.1526,0.05132,-0.6144,0.236,-0.537,-0.3883,-0.2285,-0.1344,-0.1992,-0.5564,-0.5177,-0.5119,-0.4437,-0.2002,-0.2212,-1.143,-1.295,0.04707,-0.0348,-0.2028,-0.271,-0.2435,0.01687,0.01631,0.1621,0.1373,0.465,-0.3998,-0.1055,-0.1782,-0.043283,-0.03947,-0.07495,-0.03659,-0.1002,-0.07899,-0.06716,-0.02564,-0.1222,0.04021,0.04352,0.01416,0.08466,0.01828,-0.08163,-0.08435,-0.1556,0.1184,0.1616,-0.378,-0.1146,-0.1783,-0.008511
176,"X2220235",1,73,"Male","W","Cauc",NA,297.585873,12.383554,NA,-0.06632,0.09846,0.2284,-0.1485,-0.4661,-0.123,-0.1549,-0.2664,-0.1437,0.06183,0.1906,-0.07796,-0.05103,-0.0232,0.09022,-0.2271,-0.158,-0.09589,-0.008053,-0.02852,-0.02107,-0.04858,-0.06388,0.001138,0.03659,0.09313,-0.3112,0.09409,0.6901,0.5196,-0.118531,-0.1189,-0.1435,-0.1193,-0.1565,-0.1333,-0.1493,-0.04617,-0.158,0.06781,0.08858,0.112,0.02368,0.3146,0.2493,-0.01986,0.2447,0.009822,0.07482,-0.08406,-0.3825,-0.2088,0.03048
177,"X2220238",1,62,"Male","W","Cauc",108.8621688,1340,28.523446,36.49150067,0.1947,-0.05273,-0.02252,-0.3058,-0.2167,-0.08809,-0.2975,-0.3174,-0.2859,-0.8916,-0.7812,-0.4727,-0.1134,-0.1736,0.3427,0.1062,0.1653,-0.2337,-0.4288,-0.1707,-0.2152,-0.2892,0.01545,-0.05126,0.05729,0.241,0.7968,0.1005,-0.2283,-0.03105,0.121271,0.09483,0.09271,0.1358,0.1021,0.1067,0.07712,0.17,0.03101,-0.1055,-0.08631,0.07709,-0.03348,0.1691,0.159,0.3198,-0.2771,0.2672,0.07978,0.1325,0.5209,0.1502,-0.2625
178,"X2220239",1,53,"Male","W","Cauc",92.07925111,1550,6.727422,30.86572765,0.2512,0.1141,0.01171,0.3741,-0.333,-0.2784,-0.2069,-0.07102,-0.2011,-0.1003,-0.1299,0.1867,0.1426,0.04123,0.09638,-1.314,-1.319,-0.3577,NA,-0.2882,0.1418,0.2575,-0.06434,0.2761,0.1002,0.07497,0.1711,-0.08147,-0.02978,0.1143,-0.035222,-0.03308,-0.05121,-0.03223,-0.08865,-0.05126,-0.05841,0.01395,-0.1516,-0.236,-0.2,0.3312,0.2088,0.1978,0.2191,-0.07193,-0.1363,0.005556,-0.0139,-0.2436,-0.236,0.03941,0.01287
